t,t-tau,t_next
0.185302018885184,1.2,0.200143451592794
0.200143451592794,1.0,0.280129106433515
0.280129106433515,0.9,0.38558018145798
0.38558018145798,0.81,0.491461688989665
0.491461688989665,0.729,0.582186238335514
0.582186238335514,0.6561,0.653276317696732
0.653276317696732,0.59049,0.705441156146993
0.705441156146993,0.531441,0.740994582157198
0.740994582157198,0.4782969,0.762494603339347
0.762494603339347,0.43046721,0.77231977989211
0.77231977989211,0.387420489,0.772565997619418
0.772565997619418,0.3486784401,0.765043233649248
0.765043233649248,0.31381059609,0.751300448243423
0.751300448243423,0.282429536481,0.732656128308979
0.732656128308979,0.2541865828329,0.71022777480351
0.71022777480351,0.22876792454961,0.684958564270188
0.684958564270188,0.205891132094649,0.657640928625151
0.657640928625151,0.185302018885184,0.628937237770739
0.628937237770739,0.200143451592794,0.606072200183792
0.606072200183792,0.280129106433515,0.60149063473918
0.60149063473918,0.38558018145798,0.61845200662629
0.61845200662629,0.491461688989665,0.65481840920041
0.65481840920041,0.582186238335514,0.705255287095279
0.705255287095279,0.653276317696732,0.763561164469334
0.763561164469334,0.705441156146993,0.824114575303877
0.824114575303877,0.740994582157198,0.882857617268499
0.882857617268499,0.762494603339347,0.937571250090148
0.937571250090148,0.77231977989211,0.987434154019063
0.987434154019063,0.772565997619418,1.03232436107155
1.03232436107155,0.765043233649248,1.07226666279231
1.07226666279231,0.751300448243423,1.10715711542438
1.10715711542438,0.732656128308979,1.13672095675378
1.13672095675378,0.71022777480351,1.16060232996637
1.16060232996637,0.684958564270188,1.1784888937003
1.1784888937003,0.657640928625151,1.19020760914528
1.19020760914528,0.628937237770739,1.19576780295754
1.19576780295754,0.606072200183792,1.19660026327306
1.19660026327306,0.60149063473918,1.19649728595601
1.19649728595601,0.61845200662629,1.19953367718926
1.19953367718926,0.65481840920041,1.2086728357094
1.2086728357094,0.705255287095279,1.22468967589608
1.22468967589608,0.763561164469334,1.24529467464377
1.24529467464377,0.824114575303877,1.26477789981742
1.26477789981742,0.882857617268499,1.27542408057338
1.27542408057338,0.937571250090148,1.27085319001046
1.27085319001046,0.987434154019063,1.24874626159363
1.24874626159363,1.03232436107155,1.21082054655574
1.21082054655574,1.07226666279231,1.161003853919
1.161003853919,1.10715711542438,1.10367707924218
1.10367707924218,1.13672095675378,1.04271099162453
1.04271099162453,1.16060232996637,0.98115310410396
0.98115310410396,1.1784888937003,0.92125577421324
0.92125577421324,1.19020760914528,0.864634265137043
0.864634265137043,1.19576780295754,0.812449252799816
0.812449252799816,1.19660026327306,0.765302608957687
0.765302608957687,1.19649728595601,0.72289286512119
0.72289286512119,1.19953367718926,0.684074030637374
0.684074030637374,1.2086728357094,0.64724909878865
0.64724909878865,1.22468967589608,0.611037410185857
0.611037410185857,1.24529467464377,0.574918186680899
0.574918186680899,1.26477789981742,0.539470953105467
0.539470953105467,1.27542408057338,0.506110840971215
0.506110840971215,1.27085319001046,0.476700271161965
0.476700271161965,1.24874626159363,0.453466985634432
0.453466985634432,1.21082054655574,0.439273763741136
0.439273763741136,1.161003853919,0.437953907597033
0.437953907597033,1.10367707924218,0.454112260567521
0.454112260567521,1.04271099162453,0.491479331215048
0.491479331215048,0.98115310410396,0.549752734262526
0.549752734262526,0.92125577421324,0.622698178973191
0.622698178973191,0.864634265137043,0.70061808414
0.70061808414,0.812449252799816,0.774952771845774
0.774952771845774,0.765302608957687,0.840649524651429
0.840649524651429,0.72289286512119,0.895740140609249
0.895740140609249,0.684074030637374,0.939978134626062
0.939978134626062,0.64724909878865,0.973781037726754
0.973781037726754,0.611037410185857,0.997730105100034
0.997730105100034,0.574918186680899,1.01248888998592
1.01248888998592,0.539470953105467,1.01890940369199
1.01890940369199,0.506110840971215,1.01812913702718
1.01812913702718,0.476700271161965,1.01159853895106
1.01159853895106,0.453466985634432,1.00109874930868
1.00109874930868,0.439273763741136,0.988820130703332
0.988820130703332,0.437953907597033,0.977506167566561
0.977506167566561,0.454112260567521,0.970544144746816
0.970544144746816,0.491479331215048,0.971704830092235
0.971704830092235,0.549752734262526,0.984208341402091
0.984208341402091,0.622698178973191,1.00924497843046
1.00924497843046,0.70061808414,1.04456150909677
1.04456150909677,0.774952771845774,1.08386561652571
1.08386561652571,0.840649524651429,1.11841525926842
1.11841525926842,0.895740140609249,1.14101656428602
1.14101656428602,0.939978134626062,1.14910981748092
1.14910981748092,0.973781037726754,1.14443747673634
1.14443747673634,0.997730105100034,1.13090034915732
1.13090034915732,1.01248888998592,1.11278398004199
1.11278398004199,1.01890940369199,1.09388079819399
1.09388079819399,1.01812913702718,1.07718391382455
1.07718391382455,1.01159853895106,1.06479905981866
1.06479905981866,1.00109874930868,1.05787935793512
1.05787935793512,0.988820130703332,1.05652615769188
1.05652615769188,0.977506167566561,1.05969590813525
1.05969590813525,0.970544144746816,1.06518246281206
1.06518246281206,0.971704830092235,1.0696852531711
1.0696852531711,0.984208341402091,1.0689542189746
1.0689542189746,1.00924497843046,1.05834277827453
1.05834277827453,1.04456150909677,1.03454861312398
1.03454861312398,1.08386561652571,0.998051622799507
0.998051622799507,1.11841525926842,0.95331122976556
0.95331122976556,1.14101656428602,0.906120076918953
0.906120076918953,1.14910981748092,0.861340911831193
0.861340911831193,1.14443747673634,0.822360452453388
0.822360452453388,1.13090034915732,0.791276562431622
0.791276562431622,1.11278398004199,0.769047769393415
0.769047769393415,1.09388079819399,0.755501024975519
0.755501024975519,1.07718391382455,0.74937304307253
0.74937304307253,1.06479905981866,0.748544836745673
0.748544836745673,1.05787935793512,0.750477905849698
0.750477905849698,1.05652615769188,0.752745887256458
0.752745887256458,1.05969590813525,0.753551962937082
0.753551962937082,1.06518246281206,0.752158628975881
0.752158628975881,1.0696852531711,0.74918529864586
0.74918529864586,1.0689542189746,0.746787175577795
0.746787175577795,1.05834277827453,0.748715433874619
0.748715433874619,1.03454861312398,0.759896400812751
0.759896400812751,0.998051622799507,0.784685131104156
0.784685131104156,0.95331122976556,0.823913988066542
0.823913988066542,0.906120076918953,0.873501582011861
0.873501582011861,0.861340911831193,0.926804182142801
0.926804182142801,0.822360452453388,0.97821346443909
0.97821346443909,0.791276562431622,1.02475615746317
1.02475615746317,0.769047769393415,1.06571066475859
1.06571066475859,0.755501024975519,1.10160860721559
1.10160860721559,0.74937304307253,1.13339535708997
1.13339535708997,0.748544836745673,1.16192907229514
1.16192907229514,0.750477905849698,1.18778155400197
1.18778155400197,0.752745887256458,1.21124434534434
1.21124434534434,0.753551962937082,1.2324286707411
1.2324286707411,0.752158628975881,1.25137678452602
1.25137678452602,0.74918529864586,1.26816993988677
1.26816993988677,0.746787175577795,1.28306539798367
1.28306539798367,0.748715433874619,1.29664750021146
1.29664750021146,0.759896400812751,1.30979339986979
1.30979339986979,0.784685131104156,1.32299109630222
1.32299109630222,0.823913988066542,1.33471383773434
1.33471383773434,0.873501582011861,1.34004717267006
1.34004717267006,0.926804182142801,1.33234397450715
1.33234397450715,0.97821346443909,1.30766130483322
1.30766130483322,1.02475615746317,1.26690281699194
1.26690281699194,1.06571066475859,1.21397176667795
1.21397176667795,1.10160860721559,1.15323714035961
1.15323714035961,1.13339535708997,1.08830944879963
1.08830944879963,1.16192907229514,1.02184332703808
1.02184332703808,1.18778155400197,0.955710234860841
0.955710234860841,1.21124434534434,0.891208686307617
0.891208686307617,1.2324286707411,0.829222335951754
0.829222335951754,1.25137678452602,0.770327349842904
0.770327349842904,1.26816993988677,0.714863845048426
0.714863845048426,1.28306539798367,0.662978640728583
0.662978640728583,1.29664750021146,0.614646812406369
0.614646812406369,1.30979339986979,0.5696987452376
0.5696987452376,1.32299109630222,0.52791174365699
0.52791174365699,1.33471383773434,0.489212876986934
0.489212876986934,1.34004717267006,0.453915194419204
0.453915194419204,1.33234397450715,0.422829649008355
0.422829649008355,1.30766130483322,0.397289913505396
0.397289913505396,1.26690281699194,0.379306508420714
0.379306508420714,1.21397176667795,0.371909815586212
0.371909815586212,1.15323714035961,0.379410242029106
0.379410242029106,1.08830944879963,0.406815450062563
0.406815450062563,1.02184332703808,0.457320907403067
0.457320907403067,0.955710234860841,0.52844417486596
0.52844417486596,0.891208686307617,0.611033791780434
0.611033791780434,0.829222335951754,0.693678902783253
0.693678902783253,0.770327349842904,0.767817440219425
0.767817440219425,0.714863845048426,0.829193332919025
0.829193332919025,0.662978640728583,0.876729510819148
0.876729510819148,0.614646812406369,0.911047101861316
0.911047101861316,0.5696987452376,0.933473288186086
0.933473288186086,0.52791174365699,0.945531103479703
0.945531103479703,0.489212876986934,0.948743803078776
0.948743803078776,0.453915194419204,0.944618764697206
0.944618764697206,0.422829649008355,0.934707373650829
0.934707373650829,0.397289913505396,0.920686835568311
0.920686835568311,0.379306508420714,0.904474777459139
0.904474777459139,0.371909815586212,0.888405497335636
0.888405497335636,0.379410242029106,0.875442305685404
0.875442305685404,0.406815450062563,0.869251064512497
0.869251064512497,0.457320907403067,0.873753555821032
0.873753555821032,0.52844417486596,0.891887857757433
0.891887857757433,0.611033791780434,0.924025576412091
0.924025576412091,0.693678902783253,0.966869714515805
0.966869714515805,0.767817440219425,1.01353705961328
1.01353705961328,0.829193332919025,1.0559335137428
1.0559335137428,0.876729510819148,1.08859046848637
1.08859046848637,0.911047101861316,1.11044867041251
1.11044867041251,0.933473288186086,1.12367102123299
1.12367102123299,0.945531103479703,1.13166477068547
1.13166477068547,0.948743803078776,1.13777212051666
1.13777212051666,0.944618764697206,1.14466104755391
1.14466104755391,0.934707373650829,1.15407554310296
1.15407554310296,0.920686835568311,1.16675086560505
1.16675086560505,0.904474777459139,1.18246302631817
1.18246302631817,0.888405497335636,1.20023786811317
1.20023786811317,0.875442305685404,1.21868868866582
1.21868868866582,0.869251064512497,1.23631365764773
1.23631365764773,0.873753555821032,1.25144469863221
1.25144469863221,0.891887857757433,1.26158901022831
1.26158901022831,0.924025576412091,1.26255101892297
1.26255101892297,0.966869714515805,1.24911820449465
1.24911820449465,1.01353705961328,1.21875620074231
1.21875620074231,1.0559335137428,1.17442811853499
1.17442811853499,1.08859046848637,1.12223038063669
1.12223038063669,1.11044867041251,1.06767922084387
1.06767922084387,1.12367102123299,1.01430295682972
1.01430295682972,1.13166477068547,0.963792234494609
0.963792234494609,1.13777212051666,0.916503520321059
0.916503520321059,1.14466104755391,0.87194290712173
0.87194290712173,1.15407554310296,0.829211052081495
0.829211052081495,1.16675086560505,0.787408943324731
0.787408943324731,1.18246302631817,0.745945533584144
0.745945533584144,1.20023786811317,0.704672312669859
0.704672312669859,1.21868868866582,0.663833457834074
0.663833457834074,1.23631365764773,0.623917073214391
0.623917073214391,1.25144469863221,0.585542131566505
0.585542131566505,1.26158901022831,0.549488964922674
0.549488964922674,1.26255101892297,0.516902424137065
0.516902424137065,1.24911820449465,0.489590606830092
0.489590606830092,1.21875620074231,0.470247148387745
0.470247148387745,1.17442811853499,0.46242306872277
0.46242306872277,1.12223038063669,0.470027285618935
0.470027285618935,1.06767922084387,0.496030789916723
0.496030789916723,1.01430295682972,0.540667707476454
0.540667707476454,0.963792234494609,0.600553533966853
0.600553533966853,0.916503520321059,0.669750763168399
0.669750763168399,0.87194290712173,0.741838507321856
0.741838507321856,0.829211052081495,0.811403796694935
0.811403796694935,0.787408943324731,0.874527344605039
0.874527344605039,0.745945533584144,0.928708641579921
0.928708641579921,0.704672312669859,0.972642034174126
0.972642034174126,0.663833457834074,1.00597420864962
1.00597420864962,0.623917073214391,1.02905469710991
1.02905469710991,0.585542131566505,1.04270542768124
1.04270542768124,0.549488964922674,1.04805757813277
1.04805757813277,0.516902424137065,1.04649172199656
1.04649172199656,0.489590606830092,1.03968325166884
1.03968325166884,0.470247148387745,1.02971465252816
1.02971465252816,0.46242306872277,1.01918647055636
1.01918647055636,0.470027285618935,1.01122383188136
1.01122383188136,0.496030789916723,1.00921822807957
1.00921822807957,0.540667707476454,1.0161996230249
1.0161996230249,0.600553533966853,1.0339618219719
1.0339618219719,0.669750763168399,1.06212655634176
1.06212655634176,0.741838507321856,1.09715230791337
1.09715230791337,0.811403796694935,1.13185349821017
1.13185349821017,0.874527344605039,1.1572995967069
1.1572995967069,0.928708641579921,1.16729985707121
1.16729985707121,0.972642034174126,1.16123837233244
1.16123837233244,1.00597420864962,1.14271683204667
1.14271683204667,1.02905469710991,1.1167141549263
1.1167141549263,1.04270542768124,1.08782325821096
1.08782325821096,1.04805757813277,1.05969142725442
1.05969142725442,1.04649172199656,1.03499433313127
1.03499433313127,1.03968325166884,1.01548452328392
1.01548452328392,1.02971465252816,1.00193842847187
1.00193842847187,1.01918647055636,0.994007594601455
0.994007594601455,1.01122383188136,0.990091777106337
0.990091777106337,1.00921822807957,0.987377375358776
0.987377375358776,1.0161996230249,0.982112058976945
0.982112058976945,1.0339618219719,0.970189703122335
0.970189703122335,1.06212655634176,0.948309637645834
0.948309637645834,1.09715230791337,0.915686585888171
0.915686585888171,1.13185349821017,0.874980203370034
0.874980203370034,1.1572995967069,0.831073190149297
0.831073190149297,1.16729985707121,0.788945036224988
0.788945036224988,1.16123837233244,0.752596424174144
0.752596424174144,1.14271683204667,0.724984479674801
0.724984479674801,1.1167141549263,0.708100356448664
0.708100356448664,1.08782325821096,0.702811781996491
0.702811781996491,1.05969142725442,0.708613008713092
0.708613008713092,1.03499433313127,0.723624770638692
0.723624770638692,1.01548452328392,0.745024163371635
0.745024163371635,1.00193842847187,0.769745467193909
0.769745467193909,0.994007594601455,0.795157988461232
0.795157988461232,0.990091777106337,0.819576784949253
0.819576784949253,0.987377375358776,0.842619735466891
0.842619735466891,0.982112058976945,0.865408476361639
0.865408476361639,0.970189703122335,0.890456310340482
0.890456310340482,0.948309637645834,0.920832482922443
0.920832482922443,0.915686585888171,0.958225543279592
0.958225543279592,0.874980203370034,1.00095707858176
1.00095707858176,0.831073190149297,1.04449924474145
1.04449924474145,0.788945036224988,1.08435631110092
1.08435631110092,0.752596424174144,1.1181489546726
1.1181489546726,0.724984479674801,1.14573898042384
1.14573898042384,0.708100356448664,1.16843481645677
1.16843481645677,0.702811781996491,1.18813879824947
1.18813879824947,0.708613008713092,1.206663390213
1.206663390213,0.723624770638692,1.22524038851186
1.22524038851186,0.745024163371635,1.24426348638509
1.24426348638509,0.769745467193909,1.26330918862965
1.26330918862965,0.795157988461232,1.281414641156
1.281414641156,0.819576784949253,1.29747089668085
1.29747089668085,0.842619735466891,1.31048830905815
1.31048830905815,0.865408476361639,1.31951632125056
1.31951632125056,0.890456310340482,1.32315826587685
1.32315826587685,0.920832482922443,1.31888387328787
1.31888387328787,0.958225543279592,1.30295810062692
1.30295810062692,1.00095707858176,1.27227923385576
1.27227923385576,1.04449924474145,1.22711623237789
1.22711623237789,1.08435631110092,1.1711834258353
1.1711834258353,1.1181489546726,1.10921562636995
1.10921562636995,1.14573898042384,1.04507672493445
1.04507672493445,1.16843481645677,0.981260436904172
0.981260436904172,1.18813879824947,0.919104584517348
0.919104584517348,1.206663390213,0.859182986809792
0.859182986809792,1.22524038851186,0.801677609729176
0.801677609729176,1.24426348638509,0.746660351857269
0.746660351857269,1.26330918862965,0.694247971576179
0.694247971576179,1.281414641156,0.644633180115442
0.644633180115442,1.29747089668085,0.598041378958282
0.598041378958282,1.31048830905815,0.554680682659729
0.554680682659729,1.31951632125056,0.51473540457949
0.51473540457949,1.32315826587685,0.47842858066498
0.47842858066498,1.31888387328787,0.446171229036877
0.446171229036877,1.30295810062692,0.418808661124276
0.418808661124276,1.27227923385576,0.397934941927887
0.397934941927887,1.22711623237789,0.386215266434453
0.386215266434453,1.1711834258353,0.38759542684621
0.38759542684621,1.10921562636995,0.40691881804805
0.40691881804805,1.04507672493445,0.448061839460308
0.448061839460308,0.981260436904172,0.510635553717839
0.510635553717839,0.919104584517348,0.588101994844248
0.588101994844248,0.859182986809792,0.67023294478572
0.67023294478572,0.801677609729176,0.747701991720665
0.747701991720665,0.746660351857269,0.814632486373539
0.814632486373539,0.694247971576179,0.868498861187922
0.868498861187922,0.644633180115442,0.908997561371163
0.908997561371163,0.598041378958282,0.937010192875146
0.937010192875146,0.554680682659729,0.953940304552783
0.953940304552783,0.51473540457949,0.961359113214978
0.961359113214978,0.47842858066498,0.960848835873522
0.960848835873522,0.446171229036877,0.953970310475133
0.953970310475133,0.418808661124276,0.94232110796171
0.94232110796171,0.397934941927887,0.927668062005083
0.927668062005083,0.386215266434453,0.912138605850356
0.912138605850356,0.38759542684621,0.89843789917122
0.89843789917122,0.40691881804805,0.889967743982943
0.889967743982943,0.448061839460308,0.89055412247485
0.89055412247485,0.510635553717839,0.903502871012573
0.903502871012573,0.588101994844248,0.93019373412855
0.93019373412855,0.67023294478572,0.96881303434045
0.96881303434045,0.747701991720665,1.01372837896352
1.01372837896352,0.814632486373539,1.05670288010189
1.05670288010189,0.868498861187922,1.09064354090551
1.09064354090551,0.908997561371163,1.11282838653931
1.11282838653931,0.937010192875146,1.1246964562429
1.1246964562429,0.953940304552783,1.12970429634922
1.12970429634922,0.961359113214978,1.13157065308208
1.13157065308208,0.960848835873522,1.13343471200429
1.13343471200429,0.953970310475133,1.13755822207751
1.13755822207751,0.94232110796171,1.14523054823588
1.14523054823588,0.927668062005083,1.1567508339758
1.1567508339758,0.912138605850356,1.1715056172309
1.1715056172309,0.89843789917122,1.18818324796338
1.18818324796338,0.889967743982943,1.20506133085284
1.20506133085284,0.89055412247485,1.22012811463064
1.22012811463064,0.903502871012573,1.23074060490131
1.23074060490131,0.93019373412855,1.23294588169829
1.23294588169829,0.96881303434045,1.22175324031297
1.22175324031297,1.01372837896352,1.19405034906941
1.19405034906941,1.05670288010189,1.1518920252064
1.1518920252064,1.09064354090551,1.10121164581255
1.10121164581255,1.11282838653931,1.04797471540909
1.04797471540909,1.1246964562429,0.996246863952208
0.996246863952208,1.12970429634922,0.948139866435966
0.948139866435966,1.13157065308208,0.904274045505275
0.904274045505275,1.13343471200429,0.864230805825105
0.864230805825105,1.13755822207751,0.826961416899499
0.826961416899499,1.14523054823588,0.791192574821945
0.791192574821945,1.1567508339758,0.755811633096958
0.755811633096958,1.1715056172309,0.720151979868551
0.720151979868551,1.18818324796338,0.684096900260306
0.684096900260306,1.20506133085284,0.648003569346598
0.648003569346598,1.22012811463064,0.612560364251271
0.612560364251271,1.23074060490131,0.578733972395135
0.578733972395135,1.23294588169829,0.54790528643695
0.54790528643695,1.22175324031297,0.522168542108058
0.522168542108058,1.19405034906941,0.504604495955889
0.504604495955889,1.1518920252064,0.499204851816545
0.499204851816545,1.10121164581255,0.510083565434171
0.510083565434171,1.04797471540909,0.53975855984791
0.53975855984791,0.996246863952208,0.587280211699609
0.587280211699609,0.948139866435966,0.648031766815622
0.648031766815622,0.904274045505275,0.715665193402702
0.715665193402702,0.864230805825105,0.784346613003517
0.784346613003517,0.826961416899499,0.849784780643968
0.849784780643968,0.791192574821945,0.90916846260387
0.90916846260387,0.755811633096958,0.960745672190919
0.960745672190919,0.720151979868551,1.00349315245047
1.00349315245047,0.684096900260306,1.03695933679891
1.03695933679891,0.648003569346598,1.06119399425597
1.06119399425597,0.612560364251271,1.0766820829734
1.0766820829734,0.578733972395135,1.08427485287044
1.08427485287044,0.54790528643695,1.08516190301984
1.08516190301984,0.522168542108058,1.08092227860133
1.08092227860133,0.504604495955889,1.07364304838183
1.07364304838183,0.499204851816545,1.0660238446081
1.0660238446081,0.510083565434171,1.06131667580079
1.06131667580079,0.53975855984791,1.06291061302518
1.06291061302518,0.587280211699609,1.07350514788757
1.07350514788757,0.648031766815622,1.09409007350942
1.09409007350942,0.715665193402702,1.12294111329865
1.12294111329865,0.784346613003517,1.15481230902919
1.15481230902919,0.849784780643968,1.18139083767075
1.18139083767075,0.90916846260387,1.19445698119397
1.19445698119397,0.960745672190919,1.19006962830478
1.19006962830478,1.00349315245047,1.16966253477955
1.16966253477955,1.03695933679891,1.13777903709119
1.13777903709119,1.06119399425597,1.09950079450387
1.09950079450387,1.0766820829734,1.0591598246994
1.0591598246994,1.08427485287044,1.02005236442369
1.02005236442369,1.08516190301984,0.984532568193668
0.984532568193668,1.08092227860133,0.954116779555454
0.954116779555454,1.07364304838183,0.929452083168782
0.929452083168782,1.0660238446081,0.91014607911139
0.91014607911139,1.06131667580079,0.894583632940733
0.894583632940733,1.06291061302518,0.879961423954318
0.879961423954318,1.07350514788757,0.862764115668499
0.862764115668499,1.09409007350942,0.839771774814453
0.839771774814453,1.12294111329865,0.809416360695363
0.809416360695363,1.15481230902919,0.772736750576596
0.772736750576596,1.18139083767075,0.73299224579173
0.73299224579173,1.19445698119397,0.694256849223095
0.694256849223095,1.19006962830478,0.660366149733695
0.660366149733695,1.16966253477955,0.634711588258767
0.634711588258767,1.13777903709119,0.620328896720817
0.620328896720817,1.09950079450387,0.619686413884103
0.619686413884103,1.0591598246994,0.634006780211691
0.634006780211691,1.02005236442369,0.662518429105955
0.662518429105955,0.984532568193668,0.702377936726957
0.702377936726957,0.954116779555454,0.749555827279536
0.749555827279536,0.929452083168782,0.800105337274052
0.800105337274052,0.91014607911139,0.851047146678058
0.851047146678058,0.894583632940733,0.900643161010276
0.900643161010276,0.879961423954318,0.948247170545879
0.948247170545879,0.862764115668499,0.993878514727757
0.993878514727757,0.839771774814453,1.03750032749298
1.03750032749298,0.809416360695363,1.0781982020431
1.0781982020431,0.772736750576596,1.11402137360243
1.11402137360243,0.73299224579173,1.1429356236904
1.1429356236904,0.694256849223095,1.1639729765587
1.1639729765587,0.660366149733695,1.17759837380445
1.17759837380445,0.634711588258767,1.18544798775613
1.18544798775613,0.620328896720817,1.18993090680757
1.18993090680757,0.619686413884103,1.19384871427517
1.19384871427517,0.634006780211691,1.19994837043202
1.19994837043202,0.662518429105955,1.21033305052229
1.21033305052229,0.702377936726957,1.22578691687905
1.22578691687905,0.749555827279536,1.24517212431505
1.24517212431505,0.800105337274052,1.26514141897396
1.26514141897396,0.851047146678058,1.28054968762618
1.28054968762618,0.900643161010276,1.28580698768239
1.28580698768239,0.948247170545879,1.27666935583824
1.27666935583824,0.993878514727757,1.25144066868765
1.25144066868765,1.03750032749298,1.21116202070887
1.21116202070887,1.0781982020431,1.15909079980479
1.15909079980479,1.11402137360243,1.0996739256989
1.0996739256989,1.1429356236904,1.03729117798813
1.03729117798813,1.1639729765587,0.975394905912215
0.975394905912215,1.17759837380445,0.916287008582484
0.916287008582484,1.18544798775613,0.861243039717979
0.861243039717979,1.18993090680757,0.810684828861006
0.810684828861006,1.19384871427517,0.764313353839929
0.764313353839929,1.19994837043202,0.721264580467442
0.721264580467442,1.21033305052229,0.680388490704135
0.680388490704135,1.22578691687905,0.640663360806268
0.640663360806268,1.24517212431505,0.601601212043563
0.601601212043563,1.26514141897396,0.563434233935279
0.563434233935279,1.28054968762618,0.52701113675436
0.52701113675436,1.28580698768239,0.493569321316382
0.493569321316382,1.27666935583824,0.464635356201964
0.464635356201964,1.25144066868765,0.442189208107593
0.442189208107593,1.21116202070887,0.429056063198864
0.429056063198864,1.15909079980479,0.429263533239509
0.429263533239509,1.0996739256989,0.447667591830142
0.447667591830142,1.03729117798813,0.48785026190492
0.48785026190492,0.975394905912215,0.5486922108811
0.5486922108811,0.916287008582484,0.623135017171252
0.623135017171252,0.861243039717979,0.701487610482336
0.701487610482336,0.810684828861006,0.775767624694355
0.775767624694355,0.764313353839929,0.841316389403583
0.841316389403583,0.721264580467442,0.896143096584015
0.896143096584015,0.680388490704135,0.939773657850231
0.939773657850231,0.640663360806268,0.972453499656771
0.972453499656771,0.601601212043563,0.994785822573068
0.994785822573068,0.563434233935279,1.00763192124757
1.00763192124757,0.52701113675436,1.01209704407552
1.01209704407552,0.493569321316382,1.00951658115518
1.00951658115518,0.464635356201964,1.00144843695726
1.00144843695726,0.442189208107593,0.989716165454703
0.989716165454703,0.429056063198864,0.976537623412444
0.976537623412444,0.429263533239509,0.964718332889974
0.964718332889974,0.447667591830142,0.957751084409382
0.957751084409382,0.48785026190492,0.959471580790428
0.959471580790428,0.5486922108811,0.972992111499635
0.972992111499635,0.623135017171252,0.999229425669688
0.999229425669688,0.701487610482336,1.03566944252048
1.03566944252048,0.775767624694355,1.07590383859313
1.07590383859313,0.841316389403583,1.11119259955528
1.11119259955528,0.896143096584015,1.13442552250964
1.13442552250964,0.939773657850231,1.14324429628719
1.14324429628719,0.972453499656771,1.13965937146496
1.13965937146496,0.994785822573068,1.12777170447948
1.12777170447948,1.00763192124757,1.1119290849842
1.1119290849842,1.01209704407552,1.095868242037
1.095868242037,1.00951658115518,1.08245578644878
1.08245578644878,1.00144843695726,1.07363032143378
1.07363032143378,0.989716165454703,1.07034974250885
1.07034974250885,0.976537623412444,1.07250686022504
1.07250686022504,0.964718332889974,1.07887000878498
1.07887000878498,0.957751084409382,1.08711477953279
1.08711477953279,0.959471580790428,1.0939200195198
1.0939200195198,0.972992111499635,1.09506456324649
1.09506456324649,0.999229425669688,1.08586618626242
1.08586618626242,1.03566944252048,1.06288095578335
1.06288095578335,1.07590383859313,1.02649246689146
1.02649246689146,1.11119259955528,0.981268065959494
0.981268065959494,1.13442552250964,0.933227603014995
0.933227603014995,1.14324429628719,0.887400645498122
0.887400645498122,1.13965937146496,0.847196388168616
0.847196388168616,1.12777170447948,0.814589251737856
0.814589251737856,1.1119290849842,0.790311332123569
0.790311332123569,1.095868242037,0.773937974571956
0.773937974571956,1.08245578644878,0.764017979684314
0.764017979684314,1.07363032143378,0.758367948007966
0.758367948007966,1.07034974250885,0.754521541378295
0.754521541378295,1.07250686022504,0.750244151150906
0.750244151150906,1.07887000878498,0.74401551445735
0.74401551445735,1.08711477953279,0.735391255629196
0.735391255629196,1.0939200195198,0.725196297011543
0.725196297011543,1.09506456324649,0.715617033359766
0.715617033359766,1.08586618626242,0.710284885947329
0.710284885947329,1.06288095578335,0.714103993952923
0.714103993952923,1.02649246689146,0.731998616378287
0.731998616378287,0.981268065959494,0.766175707164568
0.766175707164568,0.933227603014995,0.813901950459476
0.813901950459476,0.887400645498122,0.868738485672308
0.868738485672308,0.847196388168616,0.924193616722305
0.924193616722305,0.814589251737856,0.976122667191117
0.976122667191117,0.790311332123569,1.02285204658623
1.02285204658623,0.773937974571956,1.06427440068579
1.06427440068579,0.764017979684314,1.10095234268225
1.10095234268225,0.758367948007966,1.13355210199861
1.13355210199861,0.754521541378295,1.1625860305986
1.1625860305986,0.750244151150906,1.18835226576755
1.18835226576755,0.74401551445735,1.21096780805664
1.21096780805664,0.735391255629196,1.23044656848696
1.23044656848696,0.725196297011543,1.24683183116547
1.24683183116547,0.715617033359766,1.2604025575979
1.2604025575979,0.710284885947329,1.27192333231418
1.27192333231418,0.714103993952923,1.28279097086527
1.28279097086527,0.731998616378287,1.29471900180908
1.29471900180908,0.766175707164568,1.30849658172154
1.30849658172154,0.813901950459476,1.32201185267469
1.32201185267469,0.868738485672308,1.32938446681071
1.32938446681071,0.924193616722305,1.32351785762697
1.32351785762697,0.976122667191117,1.30051625171466
1.30051625171466,1.02285204658623,1.26124314951532
1.26124314951532,1.06427440068579,1.20942962076886
1.20942962076886,1.10095234268225,1.14937522645721
1.14937522645721,1.13355210199861,1.08478651194832
1.08478651194832,1.1625860305986,1.01850106900685
1.01850106900685,1.18835226576755,0.952572801985458
0.952572801985458,1.21096780805664,0.88843978534165
0.88843978534165,1.23044656848696,0.827077174865793
0.827077174865793,1.24683183116547,0.769108545285178
0.769108545285178,1.2604025575979,0.714870970513618
0.714870970513618,1.27192333231418,0.664439112392395
0.664439112392395,1.28279097086527,0.617630941387334
0.617630941387334,1.29471900180908,0.574057272202512
0.574057272202512,1.30849658172154,0.533305613972465
0.533305613972465,1.32201185267469,0.495252927275195
0.495252927275195,1.32938446681071,0.460305210389814
0.460305210389814,1.32351785762697,0.429406713231964
0.429406713231964,1.30051625171466,0.403992396628471
0.403992396628471,1.26124314951532,0.386144275429595
0.386144275429595,1.20942962076886,0.378960525724952
0.378960525724952,1.14937522645721,0.386823202382524
0.386823202382524,1.08478651194832,0.414762939888532
0.414762939888532,1.01850106900685,0.465827225736836
0.465827225736836,0.952572801985458,0.537199142654364
0.537199142654364,0.88843978534165,0.619493312273028
0.619493312273028,0.827077174865793,0.701410730316502
0.701410730316502,0.769108545285178,0.774703463257892
0.774703463257892,0.714870970513618,0.835391666939395
0.835391666939395,0.664439112392395,0.882548456498529
0.882548456498529,0.617630941387334,0.916829980874798
0.916829980874798,0.574057272202512,0.939513956577457
0.939513956577457,0.533305613972465,0.95202554916729
0.95202554916729,0.495252927275195,0.955785729617223
0.955785729617223,0.460305210389814,0.952228902640007
0.952228902640007,0.429406713231964,0.942869053190468
0.942869053190468,0.403992396628471,0.929371271313489
0.929371271313489,0.386144275429595,0.913657307547152
0.913657307547152,0.378960525724952,0.898079052404433
0.898079052404433,0.386823202382524,0.885629984873985
0.885629984873985,0.414762939888532,0.880007078567468
0.880007078567468,0.465827225736836,0.885127014142441
0.885127014142441,0.537199142654364,0.903839531212562
0.903839531212562,0.619493312273028,0.936331342250443
0.936331342250443,0.701410730316502,0.979050411413571
0.979050411413571,0.774703463257892,1.02489283927803
1.02489283927803,0.835391666939395,1.06575206227094
1.06575206227094,0.882548456498529,1.09635996271589
1.09635996271589,0.916829980874798,1.11588671190595
1.11588671190595,0.939513956577457,1.12664360374274
1.12664360374274,0.95202554916729,1.13212395793424
1.13212395793424,0.955785729617223,1.13574027140112
1.13574027140112,0.952228902640007,1.14024038769008
1.14024038769008,0.942869053190468,1.14746367031549
1.14746367031549,0.929371271313489,1.15824692429227
1.15824692429227,0.913657307547152,1.17244754938564
1.17244754938564,0.898079052404433,1.18911379388756
1.18911379388756,0.885629984873985,1.20678513235722
1.20678513235722,0.880007078567468,1.22376653102487
1.22376653102487,0.885127014142441,1.23807225412634
1.23807225412634,0.903839531212562,1.24680813246619
1.24680813246619,0.936331342250443,1.24549444257744
1.24549444257744,0.979050411413571,1.22917579505511
1.22917579505511,1.02489283927803,1.19621053512461
1.19621053512461,1.06575206227094,1.15033284229892
1.15033284229892,1.09635996271589,1.09778482361557
1.09778482361557,1.11588671190595,1.043889387711
1.043889387711,1.12664360374274,0.9919625412529
0.9919625412529,1.13212395793424,0.94354653833471
0.94354653833471,1.13574027140112,0.89888514403002
0.89888514403002,1.14024038769008,0.857362663928486
0.857362663928486,1.14746367031549,0.817921105349296
0.817921105349296,1.15824692429227,0.779466682975262
0.779466682975262,1.17244754938564,0.741207929076203
0.741207929076203,1.18911379388756,0.702836965112005
0.702836965112005,1.20678513235722,0.664517369612504
0.664517369612504,1.22376653102487,0.626747746431146
0.626747746431146,1.23807225412634,0.590243034830413
0.590243034830413,1.24680813246619,0.55596158501406
0.55596158501406,1.24549444257744,0.525317913128315
0.525317913128315,1.22917579505511,0.500492116138684
0.500492116138684,1.19621053512461,0.484625409158514
0.484625409158514,1.15033284229892,0.481655006008662
0.481655006008662,1.09778482361557,0.495476566251375
0.495476566251375,1.043889387711,0.528236935329697
0.528236935329697,0.9919625412529,0.578609860909682
0.578609860909682,0.94354653833471,0.641771840134206
0.641771840134206,0.89888514403002,0.71131919331797
0.71131919331797,0.857362663928486,0.781362492047078
0.781362492047078,0.817921105349296,0.847480039102597
0.847480039102597,0.779466682975262,0.90670584372757
0.90670584372757,0.741207929076203,0.957211053865717
0.957211053865717,0.702836965112005,0.998040906894928
0.998040906894928,0.664517369612504,1.02894562516439
1.02894562516439,0.626747746431146,1.05023914266515
1.05023914266515,0.590243034830413,1.06266107267375
1.06266107267375,0.55596158501406,1.0672744591199
1.0672744591199,0.525317913128315,1.0654427232284
1.0654427232284,0.500492116138684,1.05889825264626
1.05889825264626,0.484625409158514,1.04986429620153
1.04986429620153,0.481655006008662,1.04114417808623
1.04114417808623,0.495476566251375,1.03603678643679
1.03603678643679,0.528236935329697,1.03790208765315
1.03790208765315,0.578609860909682,1.0493491752333
1.0493491752333,0.641771840134206,1.07126513743228
1.07126513743228,0.71131919331797,1.10183609101643
1.10183609101643,0.781362492047078,1.1357056238807
1.1357056238807,0.847480039102597,1.16443534947562
1.16443534947562,0.90670584372757,1.17982386808092
1.17982386808092,0.957211053865717,1.17816536096482
1.17816536096482,0.998040906894928,1.16113147061267
1.16113147061267,1.02894562516439,1.13333140769697
1.13333140769697,1.05023914266515,1.0997852322037
1.0997852322037,1.06266107267375,1.06473916344025
1.06473916344025,1.0672744591199,1.0314260218011
1.0314260218011,1.0654427232284,1.00214540916176
1.00214540916176,1.05889825264626,0.978321614984644
0.978321614984644,1.04986429620153,0.960424586530467
0.960424586530467,1.04114417808623,0.947786746504582
0.947786746504582,1.03603678643679,0.938461700479146
0.938461700479146,1.03790208765315,0.929319618910917
0.929319618910917,1.0493491752333,0.916526547470701
0.916526547470701,1.07126513743228,0.89651761553936
0.89651761553936,1.10183609101643,0.867450186045703
0.867450186045703,1.1357056238807,0.830408755042711
0.830408755042711,1.16443534947562,0.789081175157369
0.789081175157369,1.17982386808092,0.748072783245963
0.748072783245963,1.17816536096482,0.71156097072558
0.71156097072558,1.16113147061267,0.682978848347008
0.682978848347008,1.13333140769697,0.665096258480383
0.665096258480383,1.0997852322037,0.65987849346765
0.65987849346765,1.06473916344025,0.668022755264554
0.668022755264554,1.0314260218011,0.688531828367376
0.688531828367376,1.00214540916176,0.718819373092059
0.718819373092059,0.978321614984644,0.755447734168262
0.755447734168262,0.960424586530467,0.795077050781466
0.795077050781466,0.947786746504582,0.835168924125627
0.835168924125627,0.938461700479146,0.874337559633797
0.874337559633797,0.929319618910917,0.912449095115168
0.912449095115168,0.916526547470701,0.950450439552741
0.950450439552741,0.89651761553936,0.989672962144634
0.989672962144634,0.867450186045703,1.03047745707709
1.03047745707709,0.830408755042711,1.07110821432765
1.07110821432765,0.789081175157369,1.10830799147785
1.10830799147785,0.748072783245963,1.13930765513371
1.13930765513371,0.71156097072558,1.16310611094838
1.16310611094838,0.682978848347008,1.18043990188195
1.18043990188195,0.665096258480383,1.19319969603029
1.19319969603029,0.65987849346765,1.20382125295868
1.20382125295868,0.668022755264554,1.21472032626551
1.21472032626551,0.688531828367376,1.22773420603248
1.22773420603248,0.718819373092059,1.24361796305451
1.24361796305451,0.755447734168262,1.26172086476284
1.26172086476284,0.795077050781466,1.27998393424503
1.27998393424503,0.835168924125627,1.29535005245965
1.29535005245965,0.874337559633797,1.30447875808105
1.30447875808105,0.912449095115168,1.30437848416728
1.30437848416728,0.950450439552741,1.29262959464492
1.29262959464492,0.989672962144634,1.26746608830652
1.26746608830652,1.03047745707709,1.22841375066389
1.22841375066389,1.07110821432765,1.17727546920878
1.17727546920878,1.10830799147785,1.11793470594809
1.11793470594809,1.13930765513371,1.0547800428093
1.0547800428093,1.16310611094838,0.991359808129527
0.991359808129527,1.18043990188195,0.929977487215362
0.929977487215362,1.19319969603029,0.871819366023486
0.871819366023486,1.20382125295868,0.817209433990362
0.817209433990362,1.21472032626551,0.765877004651635
0.765877004651635,1.22773420603248,0.717252265242808
0.717252265242808,1.24361796305451,0.670781999873467
0.670781999873467,1.26172086476284,0.626185786448711
0.626185786448711,1.27998393424503,0.583560030377818
0.583560030377818,1.29535005245965,0.54332004196034
0.54332004196034,1.30447875808105,0.50607552884375
0.50607552884375,1.30437848416728,0.472566431863738
0.472566431863738,1.29262959464492,0.443744459258093
0.443744459258093,1.26746608830652,0.421037026213545
0.421037026213545,1.22841375066389,0.406774868989145
0.406774868989145,1.17727546920878,0.404606692337371
0.404606692337371,1.11793470594809,0.419365643045623
0.419365643045623,1.0547800428093,0.455428436443835
0.455428436443835,0.991359808129527,0.513320255139534
0.513320255139534,0.929977487215362,0.587333511893973
0.587333511893973,0.871819366023486,0.667683170840728
0.667683170840728,0.817209433990362,0.745190896998816
0.745190896998816,0.765877004651635,0.813901764531598
0.813901764531598,0.717252265242808,0.870972656731913
0.870972656731913,0.670781999873467,0.915602447200712
0.915602447200712,0.626185786448711,0.948129199584597
0.948129199584597,0.583560030377818,0.969496194062923
0.969496194062923,0.54332004196034,0.980967547079489
0.980967547079489,0.50607552884375,0.983974489105547
0.983974489105547,0.472566431863738,0.980037860272332
0.980037860272332,0.443744459258093,0.970756701917741
0.970756701917741,0.421037026213545,0.957873697658527
0.957873697658527,0.406774868989145,0.943431212150088
0.943431212150088,0.404606692337371,0.929999915852328
0.929999915852328,0.419365643045623,0.92085894446013
0.92085894446013,0.455428436443835,0.91982378426785
0.91982378426785,0.513320255139534,0.930375214854238
0.930375214854238,0.587333511893973,0.954233382335906
0.954233382335906,0.667683170840728,0.990036080709465
0.990036080709465,0.745190896998816,1.03259541462719
1.03259541462719,0.813901764531598,1.07370080662008
1.07370080662008,0.870972656731913,1.10555105190617
1.10555105190617,0.915602447200712,1.12449520958626
1.12449520958626,0.948129199584597,1.13152889311047
1.13152889311047,0.969496194062923,1.13022354984549
1.13022354984549,0.980967547079489,1.12469414225746
1.12469414225746,0.983974489105547,1.11855314044738
1.11855314044738,0.980037860272332,1.11454904797453
1.11454904797453,0.970756701917741,1.11447073182046
1.11447073182046,0.957873697658527,1.11911174895128
1.11911174895128,0.943431212150088,1.1282617914578
1.1282617914578,0.929999915852328,1.14077405951455
1.14077405951455,0.92085894446013,1.15473055299731
1.15473055299731,0.91982378426785,1.16758496413972
1.16758496413972,0.930375214854238,1.17605038579951
1.17605038579951,0.954233382335906,1.17582016914013
1.17582016914013,0.990036080709465,1.16219467895696
1.16219467895696,1.03259541462719,1.13281480736081
1.13281480736081,1.07370080662008,1.0902585958807
1.0902585958807,1.10555105190617,1.04054904600299
1.04054904600299,1.12449520958626,0.989626849291887
0.989626849291887,1.13152889311047,0.941625020439496
0.941625020439496,1.13022354984549,0.89882127147205
0.89882127147205,1.12469414225746,0.862009489492717
0.862009489492717,1.11855314044738,0.830828937422031
0.830828937422031,1.11454904797453,0.804065455716852
0.804065455716852,1.11447073182046,0.780003944309685
0.780003944309685,1.11911174895128,0.756844440969623
0.756844440969623,1.1282617914578,0.733121171907449
0.733121171907449,1.14077405951455,0.70801956496031
0.70801956496031,1.15473055299731,0.681501835967941
0.681501835967941,1.16758496413972,0.654258360881572
0.654258360881572,1.17605038579951,0.627637952713047
0.627637952713047,1.17582016914013,0.603735455083514
0.603735455083514,1.16219467895696,0.585657277852393
0.585657277852393,1.13281480736081,0.577662741676886
0.577662741676886,1.0902585958807,0.5845429595626
0.5845429595626,1.04054904600299,0.609731479448104
0.609731479448104,0.989626849291887,0.652875927826294
0.652875927826294,0.941625020439496,0.709245379858977
0.709245379858977,0.89882127147205,0.772060212949218
0.772060212949218,0.862009489492717,0.835415191641953
0.835415191641953,0.830828937422031,0.895526602004464
0.895526602004464,0.804065455716852,0.950465649523806
0.950465649523806,0.780003944309685,0.99941600587412
0.99941600587412,0.756844440969623,1.04205076515158
1.04205076515158,0.733121171907449,1.07817617088539
1.07817617088539,0.70801956496031,1.10761743417381
1.10761743417381,0.681501835967941,1.13027281085263
1.13027281085263,0.654258360881572,1.14624334941981
1.14624334941981,0.627637952713047,1.15596701584003
1.15596701584003,0.603735455083514,1.16034551018263
1.16034551018263,0.585657277852393,1.16088899812324
1.16088899812324,0.577662741676886,1.15985659429448
1.15985659429448,0.5845429595626,1.16023753501408
1.16023753501408,0.609731479448104,1.16530011138248
1.16530011138248,0.652875927826294,1.17753353232895
1.17753353232895,0.709245379858977,1.1972031226681
1.1972031226681,0.772060212949218,1.22108840234919
1.22108840234919,0.835415191641953,1.24232637182326
1.24232637182326,0.895526602004464,1.25258443736792
1.25258443736792,0.950465649523806,1.24600971733788
1.24600971733788,0.99941600587412,1.22164225714544
1.22164225714544,1.04205076515158,1.18252010725857
1.18252010725857,1.07817617088539,1.13332125805891
1.13332125805891,1.10761743417381,1.07860781566152
1.07860781566152,1.13027281085263,1.02209072848993
1.02209072848993,1.14624334941981,0.966521190501928
0.966521190501928,1.15596701584003,0.913818516144148
0.913818516144148,1.16034551018263,0.865217594087696
0.865217594087696,1.16088899812324,0.821333565249814
0.821333565249814,1.15985659429448,0.782110306059255
0.782110306059255,1.16023753501408,0.746708702884236
0.746708702884236,1.16530011138248,0.713528322234271
0.713528322234271,1.17753353232895,0.680622678246186
0.680622678246186,1.1972031226681,0.646528785081247
0.646528785081247,1.22108840234919,0.611053434608483
0.611053434608483,1.24232637182326,0.575413337048932
0.575413337048932,1.25258443736792,0.541713536901008
0.541713536901008,1.24600971733788,0.512412236852401
0.512412236852401,1.22164225714544,0.490245419406136
0.490245419406136,1.18252010725857,0.478485005236645
0.478485005236645,1.13332125805891,0.481054859009954
0.481054859009954,1.07860781566152,0.501842354002793
0.501842354002793,1.02209072848993,0.542744931735595
0.542744931735595,0.966521190501928,0.60142138460573
0.60142138460573,0.913818516144148,0.671261302234355
0.671261302234355,0.865217594087696,0.744239988380984
0.744239988380984,0.821333565249814,0.813947554987459
0.813947554987459,0.782110306059255,0.87663551917035
0.87663551917035,0.746708702884236,0.930677146327315
0.930677146327315,0.713528322234271,0.975595052698823
0.975595052698823,0.680622678246186,1.01131671588793
1.01131671588793,0.646528785081247,1.0378615442096
1.0378615442096,0.611053434608483,1.05540551350233
1.05540551350233,0.575413337048932,1.06449150398174
1.06449150398174,0.541713536901008,1.06614979858352
1.06614979858352,0.512412236852401,1.06188953319446
1.06188953319446,0.490245419406136,1.05367109844194
1.05367109844194,0.478485005236645,1.04394082954553
1.04394082954553,0.481054859009954,1.03569390930608
1.03569390930608,0.501842354002793,1.03239140392874
1.03239140392874,0.542744931735595,1.03746102314267
1.03746102314267,0.60142138460573,1.05325905255549
1.05325905255549,0.671261302234355,1.07973721877551
1.07973721877551,0.744239988380984,1.11323582403481
1.11323582403481,0.813947554987459,1.14627610636658
1.14627610636658,0.87663551917035,1.16991532475145
1.16991532475145,0.930677146327315,1.17805535487718
1.17805535487718,0.975595052698823,1.16980073037954
1.16980073037954,1.01131671588793,1.14826807128802
1.14826807128802,1.0378615442096,1.1181616303868
1.1181616303868,1.05540551350233,1.08409970653996
1.08409970653996,1.06449150398174,1.04991703486621
1.04991703486621,1.06614979858352,1.01851628791453
1.01851628791453,1.06188953319446,0.991895187174681
0.991895187174681,1.05367109844194,0.971140294747224
0.971140294747224,1.04394082954553,0.956313777623225
0.956313777623225,1.03569390930608,0.946273945093335
0.946273945093335,1.03239140392874,0.938568421706096
0.938568421706096,1.03746102314267,0.929592784775628
0.929592784775628,1.05325905255549,0.915230081066341
0.915230081066341,1.07973721877551,0.892181870262795
0.892181870262795,1.11323582403481,0.85971381593123
0.85971381593123,1.14627610636658,0.820372685926378
0.820372685926378,1.16991532475145,0.77865403257635
0.77865403257635,1.17805535487718,0.739110472979266
0.739110472979266,1.16980073037954,0.705546787934537
0.705546787934537,1.14826807128802,0.681060651730802
0.681060651730802,1.1181616303868,0.668101044789912
0.668101044789912,1.08409970653996,0.668163358460922
0.668163358460922,1.04991703486621,0.681261304026819
0.681261304026819,1.01851628791453,0.705669590361097
0.705669590361097,0.991895187174681,0.73832586407207
0.73832586407207,0.971140294747224,0.775726151144146
0.775726151144146,0.956313777623225,0.814795594412876
0.814795594412876,0.946273945093335,0.85342719351293
0.85342719351293,0.938568421706096,0.890735621165241
0.890735621165241,0.929592784775628,0.927124412433773
0.927124412433773,0.915230081066341,0.96401262295014
0.96401262295014,0.892181870262795,1.00283689962445
1.00283689962445,0.85971381593123,1.04342451681026
1.04342451681026,0.820372685926378,1.08325066617284
1.08325066617284,0.77865403257635,1.11886350764967
1.11886350764967,0.739110472979266,1.14794118240769
1.14794118240769,0.705546787934537,1.17007101554737
1.17007101554737,0.681060651730802,1.18641287178519
1.18641287178519,0.668101044789912,1.19906549163291
1.19906549163291,0.668163358460922,1.2104629622338
1.2104629622338,0.681261304026819,1.2227966397497
1.2227966397497,0.705669590361097,1.23745768400818
1.23745768400818,0.73832586407207,1.25459535418935
1.25459535418935,0.775726151144146,1.272935094825
1.272935094825,0.814795594412876,1.28998483954778
1.28998483954778,0.85342719351293,1.3026389656033
1.3026389656033,0.890735621165241,1.3079095853368
1.3079095853368,0.927124412433773,1.30332463027604
1.30332463027604,0.96401262295014,1.2868642567782
1.2868642567782,1.00283689962445,1.25704115613897
1.25704115613897,1.04342451681026,1.21383050274221
1.21383050274221,1.08325066617284,1.15963009643875
1.15963009643875,1.11886350764967,1.09858769669723
1.09858769669723,1.14794118240769,1.03488926887995
1.03488926887995,1.17007101554737,0.971679929312687
0.971679929312687,1.18641287178519,0.910875223162958
0.910875223162958,1.19906549163291,0.853357636946463
0.853357636946463,1.2104629622338,0.79924639343653
0.79924639343653,1.2227966397497,0.748182346012901
0.748182346012901,1.23745768400818,0.699637559253444
0.699637559253444,1.25459535418935,0.653209249469733
0.653209249469733,1.272935094825,0.608807136860815
0.608807136860815,1.28998483954778,0.566676387432695
0.566676387432695,1.3026389656033,0.527298578123324
0.527298578123324,1.3079095853368,0.491285395932913
0.491285395932913,1.30332463027604,0.459370989822468
0.459370989822468,1.2868642567782,0.432562974451812
0.432562974451812,1.25704115613897,0.412475097617219
0.412475097617219,1.21383050274221,0.40178906698418
0.40178906698418,1.15963009643875,0.404580208218758
0.404580208218758,1.09858769669723,0.425829628100164
0.425829628100164,1.03488926887995,0.469162021276663
0.469162021276663,0.971679929312687,0.53327620783145
0.53327620783145,0.910875223162958,0.610710831713048
0.610710831713048,0.853357636946463,0.691300445042757
0.691300445042757,0.79924639343653,0.766651644783337
0.766651644783337,0.748182346012901,0.831826900277561
0.831826900277561,0.699637559253444,0.88474701454279
0.88474701454279,0.653209249469733,0.925092338070496
0.925092338070496,0.608807136860815,0.953498708230641
0.953498708230641,0.566676387432695,0.971098427163044
0.971098427163044,0.527298578123324,0.979273342996984
0.979273342996984,0.491285395932913,0.979522671080126
0.979522671080126,0.459370989822468,0.97340617395949
0.97340617395949,0.432562974451812,0.962558314582626
0.962558314582626,0.412475097617219,0.948785744384972
0.948785744384972,0.40178906698418,0.934256173632619
0.934256173632619,0.404580208218758,0.921737091209866
0.921737091209866,0.425829628100164,0.91471261451303
0.91471261451303,0.469162021276663,0.917025300264506
0.917025300264506,0.53327620783145,0.931779997196711
0.931779997196711,0.610710831713048,0.959868980961389
0.959868980961389,0.691300445042757,0.998779594371917
0.998779594371917,0.766651644783337,1.04218193738648
1.04218193738648,0.831826900277561,1.08155427906546
1.08155427906546,0.88474701454279,1.11015609059985
1.11015609059985,0.925092338070496,1.12594881180456
1.12594881180456,0.953498708230641,1.13098583860631
1.13098583860631,0.971098427163044,1.12913582301761
1.12913582301761,0.979273342996984,1.12436743014098
1.12436743014098,0.979522671080126,1.11998007205557
1.11998007205557,0.97340617395949,1.11836234894365
1.11836234894365,0.962558314582626,1.12092818337685
1.12092818337685,0.948785744384972,1.12809487949392
1.12809487949392,0.934256173632619,1.13930770607759
1.13930770607759,0.921737091209866,1.15315989971202
1.15315989971202,0.91471261451303,1.16758492188426
1.16758492188426,0.917025300264506,1.17993530834512
1.17993530834512,0.931779997196711,1.1867343707669
1.1867343707669,0.959868980961389,1.18343494338834
1.18343494338834,0.998779594371917,1.16557923122361
1.16557923122361,1.04218193738648,1.13201096027975
1.13201096027975,1.08155427906546,1.08661472057847
1.08661472057847,1.11015609059985,1.03572248214258
1.03572248214258,1.12594881180456,0.984828509389827
0.984828509389827,1.13098583860631,0.937471762543717
0.937471762543717,1.12913582301761,0.895416704174387
0.895416704174387,1.12436743014098,0.859047827424773
0.859047827424773,1.11998007205557,0.827705744747473
0.827705744747473,1.11836234894365,0.800016973735638
0.800016973735638,1.12092818337685,0.774275392763376
0.774275392763376,1.12809487949392,0.748860529789249
0.748860529789249,1.13930770607759,0.722613269334923
0.722613269334923,1.15315989971202,0.695064494328257
0.695064494328257,1.16758492188426,0.666464764136387
0.666464764136387,1.17993530834512,0.637691552934776
0.637691552934776,1.1867343707669,0.610212167602915
0.610212167602915,1.18343494338834,0.586241592139691
0.586241592139691,1.16557923122361,0.569036225475825
0.569036225475825,1.13201096027975,0.562947111654278
0.562947111654278,1.08661472057847,0.572610610403834
0.572610610403834,1.03572248214258,0.600929600090221
0.600929600090221,0.984828509389827,0.646832772172597
0.646832772172597,0.937471762543717,0.705152867918475
0.705152867918475,0.895416704174387,0.769152876432758
0.769152876432758,0.859047827424773,0.833196406995368
0.833196406995368,0.827705744747473,0.893709964308695
0.893709964308695,0.800016973735638,0.948825000990499
0.948825000990499,0.774275392763376,0.997667770630588
0.997667770630588,0.748860529789249,1.03980269575477
1.03980269575477,0.722613269334923,1.07494432094277
1.07494432094277,0.695064494328257,1.10289807739534
1.10289807739534,0.666464764136387,1.12363587546818
1.12363587546818,0.637691552934776,1.13740796380155
1.13740796380155,0.610212167602915,1.14484219625643
1.14484219625643,0.586241592139691,1.14704680092749
1.14704680092749,0.569036225475825,1.1457456964663
1.1457456964663,0.562947111654278,1.14340180276778
1.14340180276778,0.572610610403834,1.14315138945318
1.14315138945318,0.600929600090221,1.14828861882028
1.14828861882028,0.646832772172597,1.16118870510579
1.16118870510579,0.705152867918475,1.18193994778513
1.18193994778513,0.769152876432758,1.20718244170212
1.20718244170212,0.833196406995368,1.22996530242915
1.22996530242915,0.893709964308695,1.2418620928708
1.2418620928708,0.948825000990499,1.2369219989457
1.2369219989457,0.997667770630588,1.21416127700124
1.21416127700124,1.03980269575477,1.1766869082256
1.1766869082256,1.07494432094277,1.12927683559966
1.12927683559966,1.10289807739534,1.07656919826377
1.07656919826377,1.12363587546818,1.02231499958362
1.02231499958362,1.13740796380155,0.969281613436425
0.969281613436425,1.14484219625643,0.919391472647992
0.919391472647992,1.14704680092749,0.87386459486493
0.87386459486493,1.1457456964663,0.833258888417619
0.833258888417619,1.14340180276778,0.797383520099428
0.797383520099428,1.14315138945318,0.765167697314417
0.765167697314417,1.14828861882028,0.734713704841576
0.734713704841576,1.16118870510579,0.703801271573582
0.703801271573582,1.18193994778513,0.670821227641926
0.670821227641926,1.20718244170212,0.63562252637596
0.63562252637596,1.22996530242915,0.599626504176348
0.599626504176348,1.2418620928708,0.565205108130397
0.565205108130397,1.2369219989457,0.535048484560661
0.535048484560661,1.21416127700124,0.512040710414791
0.512040710414791,1.1766869082256,0.499487962246044
0.499487962246044,1.12927683559966,0.501187974261414
0.501187974261414,1.07656919826377,0.520720384664708
0.520720384664708,1.02231499958362,0.559644339374955
0.559644339374955,0.969281613436425,0.615607423402093
0.615607423402093,0.919391472647992,0.682496029674484
0.682496029674484,0.87386459486493,0.752990135640274
0.752990135640274,0.833258888417619,0.82118804145698
0.82118804145698,0.797383520099428,0.883534074318359
0.883534074318359,0.765167697314417,0.938363715357032
