,t,t-tau,t+1
0,0,0,0
1,0,1.2,0
2,0,1,0
3,0,0.9,0
4,0,0.81,0
5,0,0.729,0
6,0,0.6561,0
7,0,0.59049,0
8,0,0.531441,0
9,0,0.4782969,0
10,0,0.43046721,0
11,0,0.387420489,0
12,0,0.3486784401,0
13,0,0.31381059609,0
14,0,0.282429536481,0
15,0,0.2541865828329,0
16,0,0.22876792454961,0
17,0,0.205891132094649,1.2
18,1.2,0.185302018885184,1
19,1,0.200143451592794,0.9
20,0.9,0.280129106433515,0.81
21,0.81,0.38558018145798,0.729
22,0.729,0.491461688989665,0.6561
23,0.6561,0.582186238335514,0.59049
24,0.59049,0.653276317696732,0.531441
25,0.531441,0.705441156146993,0.4782969
26,0.4782969,0.740994582157198,0.43046721
27,0.43046721,0.762494603339347,0.387420489
28,0.387420489,0.77231977989211,0.3486784401
29,0.3486784401,0.772565997619418,0.31381059609
30,0.31381059609,0.765043233649248,0.282429536481
31,0.282429536481,0.751300448243423,0.2541865828329
32,0.2541865828329,0.732656128308979,0.22876792454961
33,0.22876792454961,0.71022777480351,0.205891132094649
34,0.205891132094649,0.684958564270188,0.185302018885184
35,0.185302018885184,0.657640928625151,0.200143451592794
36,0.200143451592794,0.628937237770739,0.280129106433515
37,0.280129106433515,0.606072200183792,0.38558018145798
38,0.38558018145798,0.60149063473918,0.491461688989665
39,0.491461688989665,0.61845200662629,0.582186238335514
40,0.582186238335514,0.65481840920041,0.653276317696732
41,0.653276317696732,0.705255287095279,0.705441156146993
42,0.705441156146993,0.763561164469334,0.740994582157198
43,0.740994582157198,0.824114575303877,0.762494603339347
44,0.762494603339347,0.882857617268499,0.77231977989211
45,0.77231977989211,0.937571250090148,0.772565997619418
46,0.772565997619418,0.987434154019063,0.765043233649248
47,0.765043233649248,1.03232436107155,0.751300448243423
48,0.751300448243423,1.07226666279231,0.732656128308979
49,0.732656128308979,1.10715711542438,0.71022777480351
50,0.71022777480351,1.13672095675378,0.684958564270188
51,0.684958564270188,1.16060232996637,0.657640928625151
52,0.657640928625151,1.1784888937003,0.628937237770739
53,0.628937237770739,1.19020760914528,0.606072200183792
54,0.606072200183792,1.19576780295754,0.60149063473918
55,0.60149063473918,1.19660026327306,0.61845200662629
56,0.61845200662629,1.19649728595601,0.65481840920041
57,0.65481840920041,1.19953367718926,0.705255287095279
58,0.705255287095279,1.2086728357094,0.763561164469334
59,0.763561164469334,1.22468967589608,0.824114575303877
60,0.824114575303877,1.24529467464377,0.882857617268499
61,0.882857617268499,1.26477789981742,0.937571250090148
62,0.937571250090148,1.27542408057338,0.987434154019063
63,0.987434154019063,1.27085319001046,1.03232436107155
64,1.03232436107155,1.24874626159363,1.07226666279231
65,1.07226666279231,1.21082054655574,1.10715711542438
66,1.10715711542438,1.161003853919,1.13672095675378
67,1.13672095675378,1.10367707924218,1.16060232996637
68,1.16060232996637,1.04271099162453,1.1784888937003
69,1.1784888937003,0.98115310410396,1.19020760914528
70,1.19020760914528,0.92125577421324,1.19576780295754
71,1.19576780295754,0.864634265137043,1.19660026327306
72,1.19660026327306,0.812449252799816,1.19649728595601
73,1.19649728595601,0.765302608957687,1.19953367718926
74,1.19953367718926,0.72289286512119,1.2086728357094
75,1.2086728357094,0.684074030637374,1.22468967589608
76,1.22468967589608,0.64724909878865,1.24529467464377
77,1.24529467464377,0.611037410185857,1.26477789981742
78,1.26477789981742,0.574918186680899,1.27542408057338
79,1.27542408057338,0.539470953105467,1.27085319001046
80,1.27085319001046,0.506110840971215,1.24874626159363
81,1.24874626159363,0.476700271161965,1.21082054655574
82,1.21082054655574,0.453466985634432,1.161003853919
83,1.161003853919,0.439273763741136,1.10367707924218
84,1.10367707924218,0.437953907597033,1.04271099162453
85,1.04271099162453,0.454112260567521,0.98115310410396
86,0.98115310410396,0.491479331215048,0.92125577421324
87,0.92125577421324,0.549752734262526,0.864634265137043
88,0.864634265137043,0.622698178973191,0.812449252799816
89,0.812449252799816,0.70061808414,0.765302608957687
90,0.765302608957687,0.774952771845774,0.72289286512119
91,0.72289286512119,0.840649524651429,0.684074030637374
92,0.684074030637374,0.895740140609249,0.64724909878865
93,0.64724909878865,0.939978134626062,0.611037410185857
94,0.611037410185857,0.973781037726754,0.574918186680899
95,0.574918186680899,0.997730105100034,0.539470953105467
96,0.539470953105467,1.01248888998592,0.506110840971215
97,0.506110840971215,1.01890940369199,0.476700271161965
98,0.476700271161965,1.01812913702718,0.453466985634432
99,0.453466985634432,1.01159853895106,0.439273763741136
100,0.439273763741136,1.00109874930868,0.437953907597033
101,0.437953907597033,0.988820130703332,0.454112260567521
102,0.454112260567521,0.977506167566561,0.491479331215048
103,0.491479331215048,0.970544144746816,0.549752734262526
104,0.549752734262526,0.971704830092235,0.622698178973191
105,0.622698178973191,0.984208341402091,0.70061808414
106,0.70061808414,1.00924497843046,0.774952771845774
107,0.774952771845774,1.04456150909677,0.840649524651429
108,0.840649524651429,1.08386561652571,0.895740140609249
109,0.895740140609249,1.11841525926842,0.939978134626062
110,0.939978134626062,1.14101656428602,0.973781037726754
111,0.973781037726754,1.14910981748092,0.997730105100034
112,0.997730105100034,1.14443747673634,1.01248888998592
113,1.01248888998592,1.13090034915732,1.01890940369199
114,1.01890940369199,1.11278398004199,1.01812913702718
115,1.01812913702718,1.09388079819399,1.01159853895106
116,1.01159853895106,1.07718391382455,1.00109874930868
117,1.00109874930868,1.06479905981866,0.988820130703332
118,0.988820130703332,1.05787935793512,0.977506167566561
119,0.977506167566561,1.05652615769188,0.970544144746816
120,0.970544144746816,1.05969590813525,0.971704830092235
121,0.971704830092235,1.06518246281206,0.984208341402091
122,0.984208341402091,1.0696852531711,1.00924497843046
123,1.00924497843046,1.0689542189746,1.04456150909677
124,1.04456150909677,1.05834277827453,1.08386561652571
125,1.08386561652571,1.03454861312398,1.11841525926842
126,1.11841525926842,0.998051622799507,1.14101656428602
127,1.14101656428602,0.95331122976556,1.14910981748092
128,1.14910981748092,0.906120076918953,1.14443747673634
129,1.14443747673634,0.861340911831193,1.13090034915732
130,1.13090034915732,0.822360452453388,1.11278398004199
131,1.11278398004199,0.791276562431622,1.09388079819399
132,1.09388079819399,0.769047769393415,1.07718391382455
133,1.07718391382455,0.755501024975519,1.06479905981866
134,1.06479905981866,0.74937304307253,1.05787935793512
135,1.05787935793512,0.748544836745673,1.05652615769188
136,1.05652615769188,0.750477905849698,1.05969590813525
137,1.05969590813525,0.752745887256458,1.06518246281206
138,1.06518246281206,0.753551962937082,1.0696852531711
139,1.0696852531711,0.752158628975881,1.0689542189746
140,1.0689542189746,0.74918529864586,1.05834277827453
141,1.05834277827453,0.746787175577795,1.03454861312398
142,1.03454861312398,0.748715433874619,0.998051622799507
143,0.998051622799507,0.759896400812751,0.95331122976556
144,0.95331122976556,0.784685131104156,0.906120076918953
145,0.906120076918953,0.823913988066542,0.861340911831193
146,0.861340911831193,0.873501582011861,0.822360452453388
147,0.822360452453388,0.926804182142801,0.791276562431622
148,0.791276562431622,0.97821346443909,0.769047769393415
149,0.769047769393415,1.02475615746317,0.755501024975519
150,0.755501024975519,1.06571066475859,0.74937304307253
151,0.74937304307253,1.10160860721559,0.748544836745673
152,0.748544836745673,1.13339535708997,0.750477905849698
153,0.750477905849698,1.16192907229514,0.752745887256458
154,0.752745887256458,1.18778155400197,0.753551962937082
155,0.753551962937082,1.21124434534434,0.752158628975881
156,0.752158628975881,1.2324286707411,0.74918529864586
157,0.74918529864586,1.25137678452602,0.746787175577795
158,0.746787175577795,1.26816993988677,0.748715433874619
159,0.748715433874619,1.28306539798367,0.759896400812751
160,0.759896400812751,1.29664750021146,0.784685131104156
161,0.784685131104156,1.30979339986979,0.823913988066542
162,0.823913988066542,1.32299109630222,0.873501582011861
163,0.873501582011861,1.33471383773434,0.926804182142801
164,0.926804182142801,1.34004717267006,0.97821346443909
165,0.97821346443909,1.33234397450715,1.02475615746317
166,1.02475615746317,1.30766130483322,1.06571066475859
167,1.06571066475859,1.26690281699194,1.10160860721559
168,1.10160860721559,1.21397176667795,1.13339535708997
169,1.13339535708997,1.15323714035961,1.16192907229514
170,1.16192907229514,1.08830944879963,1.18778155400197
171,1.18778155400197,1.02184332703808,1.21124434534434
172,1.21124434534434,0.955710234860841,1.2324286707411
173,1.2324286707411,0.891208686307617,1.25137678452602
174,1.25137678452602,0.829222335951754,1.26816993988677
175,1.26816993988677,0.770327349842904,1.28306539798367
176,1.28306539798367,0.714863845048426,1.29664750021146
177,1.29664750021146,0.662978640728583,1.30979339986979
178,1.30979339986979,0.614646812406369,1.32299109630222
179,1.32299109630222,0.5696987452376,1.33471383773434
180,1.33471383773434,0.52791174365699,1.34004717267006
181,1.34004717267006,0.489212876986934,1.33234397450715
182,1.33234397450715,0.453915194419204,1.30766130483322
183,1.30766130483322,0.422829649008355,1.26690281699194
184,1.26690281699194,0.397289913505396,1.21397176667795
185,1.21397176667795,0.379306508420714,1.15323714035961
186,1.15323714035961,0.371909815586212,1.08830944879963
187,1.08830944879963,0.379410242029106,1.02184332703808
188,1.02184332703808,0.406815450062563,0.955710234860841
189,0.955710234860841,0.457320907403067,0.891208686307617
190,0.891208686307617,0.52844417486596,0.829222335951754
191,0.829222335951754,0.611033791780434,0.770327349842904
192,0.770327349842904,0.693678902783253,0.714863845048426
193,0.714863845048426,0.767817440219425,0.662978640728583
194,0.662978640728583,0.829193332919025,0.614646812406369
195,0.614646812406369,0.876729510819148,0.5696987452376
196,0.5696987452376,0.911047101861316,0.52791174365699
197,0.52791174365699,0.933473288186086,0.489212876986934
198,0.489212876986934,0.945531103479703,0.453915194419204
199,0.453915194419204,0.948743803078776,0.422829649008355
200,0.422829649008355,0.944618764697206,0.397289913505396
201,0.397289913505396,0.934707373650829,0.379306508420714
202,0.379306508420714,0.920686835568311,0.371909815586212
203,0.371909815586212,0.904474777459139,0.379410242029106
204,0.379410242029106,0.888405497335636,0.406815450062563
205,0.406815450062563,0.875442305685404,0.457320907403067
206,0.457320907403067,0.869251064512497,0.52844417486596
207,0.52844417486596,0.873753555821032,0.611033791780434
208,0.611033791780434,0.891887857757433,0.693678902783253
209,0.693678902783253,0.924025576412091,0.767817440219425
210,0.767817440219425,0.966869714515805,0.829193332919025
211,0.829193332919025,1.01353705961328,0.876729510819148
212,0.876729510819148,1.0559335137428,0.911047101861316
213,0.911047101861316,1.08859046848637,0.933473288186086
214,0.933473288186086,1.11044867041251,0.945531103479703
215,0.945531103479703,1.12367102123299,0.948743803078776
216,0.948743803078776,1.13166477068547,0.944618764697206
217,0.944618764697206,1.13777212051666,0.934707373650829
218,0.934707373650829,1.14466104755391,0.920686835568311
219,0.920686835568311,1.15407554310296,0.904474777459139
220,0.904474777459139,1.16675086560505,0.888405497335636
221,0.888405497335636,1.18246302631817,0.875442305685404
222,0.875442305685404,1.20023786811317,0.869251064512497
223,0.869251064512497,1.21868868866582,0.873753555821032
224,0.873753555821032,1.23631365764773,0.891887857757433
225,0.891887857757433,1.25144469863221,0.924025576412091
226,0.924025576412091,1.26158901022831,0.966869714515805
227,0.966869714515805,1.26255101892297,1.01353705961328
228,1.01353705961328,1.24911820449465,1.0559335137428
229,1.0559335137428,1.21875620074231,1.08859046848637
230,1.08859046848637,1.17442811853499,1.11044867041251
231,1.11044867041251,1.12223038063669,1.12367102123299
232,1.12367102123299,1.06767922084387,1.13166477068547
233,1.13166477068547,1.01430295682972,1.13777212051666
234,1.13777212051666,0.963792234494609,1.14466104755391
235,1.14466104755391,0.916503520321059,1.15407554310296
236,1.15407554310296,0.87194290712173,1.16675086560505
237,1.16675086560505,0.829211052081495,1.18246302631817
238,1.18246302631817,0.787408943324731,1.20023786811317
239,1.20023786811317,0.745945533584144,1.21868868866582
240,1.21868868866582,0.704672312669859,1.23631365764773
241,1.23631365764773,0.663833457834074,1.25144469863221
242,1.25144469863221,0.623917073214391,1.26158901022831
243,1.26158901022831,0.585542131566505,1.26255101892297
244,1.26255101892297,0.549488964922674,1.24911820449465
245,1.24911820449465,0.516902424137065,1.21875620074231
246,1.21875620074231,0.489590606830092,1.17442811853499
247,1.17442811853499,0.470247148387745,1.12223038063669
248,1.12223038063669,0.46242306872277,1.06767922084387
249,1.06767922084387,0.470027285618935,1.01430295682972
250,1.01430295682972,0.496030789916723,0.963792234494609
251,0.963792234494609,0.540667707476454,0.916503520321059
252,0.916503520321059,0.600553533966853,0.87194290712173
253,0.87194290712173,0.669750763168399,0.829211052081495
254,0.829211052081495,0.741838507321856,0.787408943324731
255,0.787408943324731,0.811403796694935,0.745945533584144
256,0.745945533584144,0.874527344605039,0.704672312669859
257,0.704672312669859,0.928708641579921,0.663833457834074
258,0.663833457834074,0.972642034174126,0.623917073214391
259,0.623917073214391,1.00597420864962,0.585542131566505
260,0.585542131566505,1.02905469710991,0.549488964922674
261,0.549488964922674,1.04270542768124,0.516902424137065
262,0.516902424137065,1.04805757813277,0.489590606830092
263,0.489590606830092,1.04649172199656,0.470247148387745
264,0.470247148387745,1.03968325166884,0.46242306872277
265,0.46242306872277,1.02971465252816,0.470027285618935
266,0.470027285618935,1.01918647055636,0.496030789916723
267,0.496030789916723,1.01122383188136,0.540667707476454
268,0.540667707476454,1.00921822807957,0.600553533966853
269,0.600553533966853,1.0161996230249,0.669750763168399
270,0.669750763168399,1.0339618219719,0.741838507321856
271,0.741838507321856,1.06212655634176,0.811403796694935
272,0.811403796694935,1.09715230791337,0.874527344605039
273,0.874527344605039,1.13185349821017,0.928708641579921
274,0.928708641579921,1.1572995967069,0.972642034174126
275,0.972642034174126,1.16729985707121,1.00597420864962
276,1.00597420864962,1.16123837233244,1.02905469710991
277,1.02905469710991,1.14271683204667,1.04270542768124
278,1.04270542768124,1.1167141549263,1.04805757813277
279,1.04805757813277,1.08782325821096,1.04649172199656
280,1.04649172199656,1.05969142725442,1.03968325166884
281,1.03968325166884,1.03499433313127,1.02971465252816
282,1.02971465252816,1.01548452328392,1.01918647055636
283,1.01918647055636,1.00193842847187,1.01122383188136
284,1.01122383188136,0.994007594601455,1.00921822807957
285,1.00921822807957,0.990091777106337,1.0161996230249
286,1.0161996230249,0.987377375358776,1.0339618219719
287,1.0339618219719,0.982112058976945,1.06212655634176
288,1.06212655634176,0.970189703122335,1.09715230791337
289,1.09715230791337,0.948309637645834,1.13185349821017
290,1.13185349821017,0.915686585888171,1.1572995967069
291,1.1572995967069,0.874980203370034,1.16729985707121
292,1.16729985707121,0.831073190149297,1.16123837233244
293,1.16123837233244,0.788945036224988,1.14271683204667
294,1.14271683204667,0.752596424174144,1.1167141549263
295,1.1167141549263,0.724984479674801,1.08782325821096
296,1.08782325821096,0.708100356448664,1.05969142725442
297,1.05969142725442,0.702811781996491,1.03499433313127
298,1.03499433313127,0.708613008713092,1.01548452328392
299,1.01548452328392,0.723624770638692,1.00193842847187
300,1.00193842847187,0.745024163371635,0.994007594601455
301,0.994007594601455,0.769745467193909,0.990091777106337
302,0.990091777106337,0.795157988461232,0.987377375358776
303,0.987377375358776,0.819576784949253,0.982112058976945
304,0.982112058976945,0.842619735466891,0.970189703122335
305,0.970189703122335,0.865408476361639,0.948309637645834
306,0.948309637645834,0.890456310340482,0.915686585888171
307,0.915686585888171,0.920832482922443,0.874980203370034
308,0.874980203370034,0.958225543279592,0.831073190149297
309,0.831073190149297,1.00095707858176,0.788945036224988
310,0.788945036224988,1.04449924474145,0.752596424174144
311,0.752596424174144,1.08435631110092,0.724984479674801
312,0.724984479674801,1.1181489546726,0.708100356448664
313,0.708100356448664,1.14573898042384,0.702811781996491
314,0.702811781996491,1.16843481645677,0.708613008713092
315,0.708613008713092,1.18813879824947,0.723624770638692
316,0.723624770638692,1.206663390213,0.745024163371635
317,0.745024163371635,1.22524038851186,0.769745467193909
318,0.769745467193909,1.24426348638509,0.795157988461232
319,0.795157988461232,1.26330918862965,0.819576784949253
320,0.819576784949253,1.281414641156,0.842619735466891
321,0.842619735466891,1.29747089668085,0.865408476361639
322,0.865408476361639,1.31048830905815,0.890456310340482
323,0.890456310340482,1.31951632125056,0.920832482922443
324,0.920832482922443,1.32315826587685,0.958225543279592
325,0.958225543279592,1.31888387328787,1.00095707858176
326,1.00095707858176,1.30295810062692,1.04449924474145
327,1.04449924474145,1.27227923385576,1.08435631110092
328,1.08435631110092,1.22711623237789,1.1181489546726
329,1.1181489546726,1.1711834258353,1.14573898042384
330,1.14573898042384,1.10921562636995,1.16843481645677
331,1.16843481645677,1.04507672493445,1.18813879824947
332,1.18813879824947,0.981260436904172,1.206663390213
333,1.206663390213,0.919104584517348,1.22524038851186
334,1.22524038851186,0.859182986809792,1.24426348638509
335,1.24426348638509,0.801677609729176,1.26330918862965
336,1.26330918862965,0.746660351857269,1.281414641156
337,1.281414641156,0.694247971576179,1.29747089668085
338,1.29747089668085,0.644633180115442,1.31048830905815
339,1.31048830905815,0.598041378958282,1.31951632125056
340,1.31951632125056,0.554680682659729,1.32315826587685
341,1.32315826587685,0.51473540457949,1.31888387328787
342,1.31888387328787,0.47842858066498,1.30295810062692
343,1.30295810062692,0.446171229036877,1.27227923385576
344,1.27227923385576,0.418808661124276,1.22711623237789
345,1.22711623237789,0.397934941927887,1.1711834258353
346,1.1711834258353,0.386215266434453,1.10921562636995
347,1.10921562636995,0.38759542684621,1.04507672493445
348,1.04507672493445,0.40691881804805,0.981260436904172
349,0.981260436904172,0.448061839460308,0.919104584517348
350,0.919104584517348,0.510635553717839,0.859182986809792
351,0.859182986809792,0.588101994844248,0.801677609729176
352,0.801677609729176,0.67023294478572,0.746660351857269
353,0.746660351857269,0.747701991720665,0.694247971576179
354,0.694247971576179,0.814632486373539,0.644633180115442
355,0.644633180115442,0.868498861187922,0.598041378958282
356,0.598041378958282,0.908997561371163,0.554680682659729
357,0.554680682659729,0.937010192875146,0.51473540457949
358,0.51473540457949,0.953940304552783,0.47842858066498
359,0.47842858066498,0.961359113214978,0.446171229036877
360,0.446171229036877,0.960848835873522,0.418808661124276
361,0.418808661124276,0.953970310475133,0.397934941927887
362,0.397934941927887,0.94232110796171,0.386215266434453
363,0.386215266434453,0.927668062005083,0.38759542684621
364,0.38759542684621,0.912138605850356,0.40691881804805
365,0.40691881804805,0.89843789917122,0.448061839460308
366,0.448061839460308,0.889967743982943,0.510635553717839
367,0.510635553717839,0.89055412247485,0.588101994844248
368,0.588101994844248,0.903502871012573,0.67023294478572
369,0.67023294478572,0.93019373412855,0.747701991720665
370,0.747701991720665,0.96881303434045,0.814632486373539
371,0.814632486373539,1.01372837896352,0.868498861187922
372,0.868498861187922,1.05670288010189,0.908997561371163
373,0.908997561371163,1.09064354090551,0.937010192875146
374,0.937010192875146,1.11282838653931,0.953940304552783
375,0.953940304552783,1.1246964562429,0.961359113214978
376,0.961359113214978,1.12970429634922,0.960848835873522
377,0.960848835873522,1.13157065308208,0.953970310475133
378,0.953970310475133,1.13343471200429,0.94232110796171
379,0.94232110796171,1.13755822207751,0.927668062005083
380,0.927668062005083,1.14523054823588,0.912138605850356
381,0.912138605850356,1.1567508339758,0.89843789917122
382,0.89843789917122,1.1715056172309,0.889967743982943
383,0.889967743982943,1.18818324796338,0.89055412247485
384,0.89055412247485,1.20506133085284,0.903502871012573
385,0.903502871012573,1.22012811463064,0.93019373412855
386,0.93019373412855,1.23074060490131,0.96881303434045
387,0.96881303434045,1.23294588169829,1.01372837896352
388,1.01372837896352,1.22175324031297,1.05670288010189
389,1.05670288010189,1.19405034906941,1.09064354090551
390,1.09064354090551,1.1518920252064,1.11282838653931
391,1.11282838653931,1.10121164581255,1.1246964562429
392,1.1246964562429,1.04797471540909,1.12970429634922
393,1.12970429634922,0.996246863952208,1.13157065308208
394,1.13157065308208,0.948139866435966,1.13343471200429
395,1.13343471200429,0.904274045505275,1.13755822207751
396,1.13755822207751,0.864230805825105,1.14523054823588
397,1.14523054823588,0.826961416899499,1.1567508339758
398,1.1567508339758,0.791192574821945,1.1715056172309
399,1.1715056172309,0.755811633096958,1.18818324796338
400,1.18818324796338,0.720151979868551,1.20506133085284
401,1.20506133085284,0.684096900260306,1.22012811463064
402,1.22012811463064,0.648003569346598,1.23074060490131
403,1.23074060490131,0.612560364251271,1.23294588169829
404,1.23294588169829,0.578733972395135,1.22175324031297
405,1.22175324031297,0.54790528643695,1.19405034906941
406,1.19405034906941,0.522168542108058,1.1518920252064
407,1.1518920252064,0.504604495955889,1.10121164581255
408,1.10121164581255,0.499204851816545,1.04797471540909
409,1.04797471540909,0.510083565434171,0.996246863952208
410,0.996246863952208,0.53975855984791,0.948139866435966
411,0.948139866435966,0.587280211699609,0.904274045505275
412,0.904274045505275,0.648031766815622,0.864230805825105
413,0.864230805825105,0.715665193402702,0.826961416899499
414,0.826961416899499,0.784346613003517,0.791192574821945
415,0.791192574821945,0.849784780643968,0.755811633096958
416,0.755811633096958,0.90916846260387,0.720151979868551
417,0.720151979868551,0.960745672190919,0.684096900260306
418,0.684096900260306,1.00349315245047,0.648003569346598
419,0.648003569346598,1.03695933679891,0.612560364251271
420,0.612560364251271,1.06119399425597,0.578733972395135
421,0.578733972395135,1.0766820829734,0.54790528643695
422,0.54790528643695,1.08427485287044,0.522168542108058
423,0.522168542108058,1.08516190301984,0.504604495955889
424,0.504604495955889,1.08092227860133,0.499204851816545
425,0.499204851816545,1.07364304838183,0.510083565434171
426,0.510083565434171,1.0660238446081,0.53975855984791
427,0.53975855984791,1.06131667580079,0.587280211699609
428,0.587280211699609,1.06291061302518,0.648031766815622
429,0.648031766815622,1.07350514788757,0.715665193402702
430,0.715665193402702,1.09409007350942,0.784346613003517
431,0.784346613003517,1.12294111329865,0.849784780643968
432,0.849784780643968,1.15481230902919,0.90916846260387
433,0.90916846260387,1.18139083767075,0.960745672190919
434,0.960745672190919,1.19445698119397,1.00349315245047
435,1.00349315245047,1.19006962830478,1.03695933679891
436,1.03695933679891,1.16966253477955,1.06119399425597
437,1.06119399425597,1.13777903709119,1.0766820829734
438,1.0766820829734,1.09950079450387,1.08427485287044
439,1.08427485287044,1.0591598246994,1.08516190301984
440,1.08516190301984,1.02005236442369,1.08092227860133
441,1.08092227860133,0.984532568193668,1.07364304838183
442,1.07364304838183,0.954116779555454,1.0660238446081
443,1.0660238446081,0.929452083168782,1.06131667580079
444,1.06131667580079,0.91014607911139,1.06291061302518
445,1.06291061302518,0.894583632940733,1.07350514788757
446,1.07350514788757,0.879961423954318,1.09409007350942
447,1.09409007350942,0.862764115668499,1.12294111329865
448,1.12294111329865,0.839771774814453,1.15481230902919
449,1.15481230902919,0.809416360695363,1.18139083767075
450,1.18139083767075,0.772736750576596,1.19445698119397
451,1.19445698119397,0.73299224579173,1.19006962830478
452,1.19006962830478,0.694256849223095,1.16966253477955
453,1.16966253477955,0.660366149733695,1.13777903709119
454,1.13777903709119,0.634711588258767,1.09950079450387
455,1.09950079450387,0.620328896720817,1.0591598246994
456,1.0591598246994,0.619686413884103,1.02005236442369
457,1.02005236442369,0.634006780211691,0.984532568193668
458,0.984532568193668,0.662518429105955,0.954116779555454
459,0.954116779555454,0.702377936726957,0.929452083168782
460,0.929452083168782,0.749555827279536,0.91014607911139
461,0.91014607911139,0.800105337274052,0.894583632940733
462,0.894583632940733,0.851047146678058,0.879961423954318
463,0.879961423954318,0.900643161010276,0.862764115668499
464,0.862764115668499,0.948247170545879,0.839771774814453
465,0.839771774814453,0.993878514727757,0.809416360695363
466,0.809416360695363,1.03750032749298,0.772736750576596
467,0.772736750576596,1.0781982020431,0.73299224579173
468,0.73299224579173,1.11402137360243,0.694256849223095
469,0.694256849223095,1.1429356236904,0.660366149733695
470,0.660366149733695,1.1639729765587,0.634711588258767
471,0.634711588258767,1.17759837380445,0.620328896720817
472,0.620328896720817,1.18544798775613,0.619686413884103
473,0.619686413884103,1.18993090680757,0.634006780211691
474,0.634006780211691,1.19384871427517,0.662518429105955
475,0.662518429105955,1.19994837043202,0.702377936726957
476,0.702377936726957,1.21033305052229,0.749555827279536
477,0.749555827279536,1.22578691687905,0.800105337274052
478,0.800105337274052,1.24517212431505,0.851047146678058
479,0.851047146678058,1.26514141897396,0.900643161010276
480,0.900643161010276,1.28054968762618,0.948247170545879
481,0.948247170545879,1.28580698768239,0.993878514727757
482,0.993878514727757,1.27666935583824,1.03750032749298
483,1.03750032749298,1.25144066868765,1.0781982020431
484,1.0781982020431,1.21116202070887,1.11402137360243
485,1.11402137360243,1.15909079980479,1.1429356236904
486,1.1429356236904,1.0996739256989,1.1639729765587
487,1.1639729765587,1.03729117798813,1.17759837380445
488,1.17759837380445,0.975394905912215,1.18544798775613
489,1.18544798775613,0.916287008582484,1.18993090680757
490,1.18993090680757,0.861243039717979,1.19384871427517
491,1.19384871427517,0.810684828861006,1.19994837043202
492,1.19994837043202,0.764313353839929,1.21033305052229
493,1.21033305052229,0.721264580467442,1.22578691687905
494,1.22578691687905,0.680388490704135,1.24517212431505
495,1.24517212431505,0.640663360806268,1.26514141897396
496,1.26514141897396,0.601601212043563,1.28054968762618
497,1.28054968762618,0.563434233935279,1.28580698768239
498,1.28580698768239,0.52701113675436,1.27666935583824
499,1.27666935583824,0.493569321316382,1.25144066868765
500,1.25144066868765,0.464635356201964,1.21116202070887
501,1.21116202070887,0.442189208107593,1.15909079980479
502,1.15909079980479,0.429056063198864,1.0996739256989
503,1.0996739256989,0.429263533239509,1.03729117798813
504,1.03729117798813,0.447667591830142,0.975394905912215
505,0.975394905912215,0.48785026190492,0.916287008582484
506,0.916287008582484,0.5486922108811,0.861243039717979
507,0.861243039717979,0.623135017171252,0.810684828861006
508,0.810684828861006,0.701487610482336,0.764313353839929
509,0.764313353839929,0.775767624694355,0.721264580467442
510,0.721264580467442,0.841316389403583,0.680388490704135
511,0.680388490704135,0.896143096584015,0.640663360806268
512,0.640663360806268,0.939773657850231,0.601601212043563
513,0.601601212043563,0.972453499656771,0.563434233935279
514,0.563434233935279,0.994785822573068,0.52701113675436
515,0.52701113675436,1.00763192124757,0.493569321316382
516,0.493569321316382,1.01209704407552,0.464635356201964
517,0.464635356201964,1.00951658115518,0.442189208107593
518,0.442189208107593,1.00144843695726,0.429056063198864
519,0.429056063198864,0.989716165454703,0.429263533239509
520,0.429263533239509,0.976537623412444,0.447667591830142
521,0.447667591830142,0.964718332889974,0.48785026190492
522,0.48785026190492,0.957751084409382,0.5486922108811
523,0.5486922108811,0.959471580790428,0.623135017171252
524,0.623135017171252,0.972992111499635,0.701487610482336
525,0.701487610482336,0.999229425669688,0.775767624694355
526,0.775767624694355,1.03566944252048,0.841316389403583
527,0.841316389403583,1.07590383859313,0.896143096584015
528,0.896143096584015,1.11119259955528,0.939773657850231
529,0.939773657850231,1.13442552250964,0.972453499656771
530,0.972453499656771,1.14324429628719,0.994785822573068
531,0.994785822573068,1.13965937146496,1.00763192124757
532,1.00763192124757,1.12777170447948,1.01209704407552
533,1.01209704407552,1.1119290849842,1.00951658115518
534,1.00951658115518,1.095868242037,1.00144843695726
535,1.00144843695726,1.08245578644878,0.989716165454703
536,0.989716165454703,1.07363032143378,0.976537623412444
537,0.976537623412444,1.07034974250885,0.964718332889974
538,0.964718332889974,1.07250686022504,0.957751084409382
539,0.957751084409382,1.07887000878498,0.959471580790428
540,0.959471580790428,1.08711477953279,0.972992111499635
541,0.972992111499635,1.0939200195198,0.999229425669688
542,0.999229425669688,1.09506456324649,1.03566944252048
543,1.03566944252048,1.08586618626242,1.07590383859313
544,1.07590383859313,1.06288095578335,1.11119259955528
545,1.11119259955528,1.02649246689146,1.13442552250964
546,1.13442552250964,0.981268065959494,1.14324429628719
547,1.14324429628719,0.933227603014995,1.13965937146496
548,1.13965937146496,0.887400645498122,1.12777170447948
549,1.12777170447948,0.847196388168616,1.1119290849842
550,1.1119290849842,0.814589251737856,1.095868242037
551,1.095868242037,0.790311332123569,1.08245578644878
552,1.08245578644878,0.773937974571956,1.07363032143378
553,1.07363032143378,0.764017979684314,1.07034974250885
554,1.07034974250885,0.758367948007966,1.07250686022504
555,1.07250686022504,0.754521541378295,1.07887000878498
556,1.07887000878498,0.750244151150906,1.08711477953279
557,1.08711477953279,0.74401551445735,1.0939200195198
558,1.0939200195198,0.735391255629196,1.09506456324649
559,1.09506456324649,0.725196297011543,1.08586618626242
560,1.08586618626242,0.715617033359766,1.06288095578335
561,1.06288095578335,0.710284885947329,1.02649246689146
562,1.02649246689146,0.714103993952923,0.981268065959494
563,0.981268065959494,0.731998616378287,0.933227603014995
564,0.933227603014995,0.766175707164568,0.887400645498122
565,0.887400645498122,0.813901950459476,0.847196388168616
566,0.847196388168616,0.868738485672308,0.814589251737856
567,0.814589251737856,0.924193616722305,0.790311332123569
568,0.790311332123569,0.976122667191117,0.773937974571956
569,0.773937974571956,1.02285204658623,0.764017979684314
570,0.764017979684314,1.06427440068579,0.758367948007966
571,0.758367948007966,1.10095234268225,0.754521541378295
572,0.754521541378295,1.13355210199861,0.750244151150906
573,0.750244151150906,1.1625860305986,0.74401551445735
574,0.74401551445735,1.18835226576755,0.735391255629196
575,0.735391255629196,1.21096780805664,0.725196297011543
576,0.725196297011543,1.23044656848696,0.715617033359766
577,0.715617033359766,1.24683183116547,0.710284885947329
578,0.710284885947329,1.2604025575979,0.714103993952923
579,0.714103993952923,1.27192333231418,0.731998616378287
580,0.731998616378287,1.28279097086527,0.766175707164568
581,0.766175707164568,1.29471900180908,0.813901950459476
582,0.813901950459476,1.30849658172154,0.868738485672308
583,0.868738485672308,1.32201185267469,0.924193616722305
584,0.924193616722305,1.32938446681071,0.976122667191117
585,0.976122667191117,1.32351785762697,1.02285204658623
586,1.02285204658623,1.30051625171466,1.06427440068579
587,1.06427440068579,1.26124314951532,1.10095234268225
588,1.10095234268225,1.20942962076886,1.13355210199861
589,1.13355210199861,1.14937522645721,1.1625860305986
590,1.1625860305986,1.08478651194832,1.18835226576755
591,1.18835226576755,1.01850106900685,1.21096780805664
592,1.21096780805664,0.952572801985458,1.23044656848696
593,1.23044656848696,0.88843978534165,1.24683183116547
594,1.24683183116547,0.827077174865793,1.2604025575979
595,1.2604025575979,0.769108545285178,1.27192333231418
596,1.27192333231418,0.714870970513618,1.28279097086527
597,1.28279097086527,0.664439112392395,1.29471900180908
598,1.29471900180908,0.617630941387334,1.30849658172154
599,1.30849658172154,0.574057272202512,1.32201185267469
600,1.32201185267469,0.533305613972465,1.32938446681071
601,1.32938446681071,0.495252927275195,1.32351785762697
602,1.32351785762697,0.460305210389814,1.30051625171466
603,1.30051625171466,0.429406713231964,1.26124314951532
604,1.26124314951532,0.403992396628471,1.20942962076886
605,1.20942962076886,0.386144275429595,1.14937522645721
606,1.14937522645721,0.378960525724952,1.08478651194832
607,1.08478651194832,0.386823202382524,1.01850106900685
608,1.01850106900685,0.414762939888532,0.952572801985458
609,0.952572801985458,0.465827225736836,0.88843978534165
610,0.88843978534165,0.537199142654364,0.827077174865793
611,0.827077174865793,0.619493312273028,0.769108545285178
612,0.769108545285178,0.701410730316502,0.714870970513618
613,0.714870970513618,0.774703463257892,0.664439112392395
614,0.664439112392395,0.835391666939395,0.617630941387334
615,0.617630941387334,0.882548456498529,0.574057272202512
616,0.574057272202512,0.916829980874798,0.533305613972465
617,0.533305613972465,0.939513956577457,0.495252927275195
618,0.495252927275195,0.95202554916729,0.460305210389814
619,0.460305210389814,0.955785729617223,0.429406713231964
620,0.429406713231964,0.952228902640007,0.403992396628471
621,0.403992396628471,0.942869053190468,0.386144275429595
622,0.386144275429595,0.929371271313489,0.378960525724952
623,0.378960525724952,0.913657307547152,0.386823202382524
624,0.386823202382524,0.898079052404433,0.414762939888532
625,0.414762939888532,0.885629984873985,0.465827225736836
626,0.465827225736836,0.880007078567468,0.537199142654364
627,0.537199142654364,0.885127014142441,0.619493312273028
628,0.619493312273028,0.903839531212562,0.701410730316502
629,0.701410730316502,0.936331342250443,0.774703463257892
630,0.774703463257892,0.979050411413571,0.835391666939395
631,0.835391666939395,1.02489283927803,0.882548456498529
632,0.882548456498529,1.06575206227094,0.916829980874798
633,0.916829980874798,1.09635996271589,0.939513956577457
634,0.939513956577457,1.11588671190595,0.95202554916729
635,0.95202554916729,1.12664360374274,0.955785729617223
636,0.955785729617223,1.13212395793424,0.952228902640007
637,0.952228902640007,1.13574027140112,0.942869053190468
638,0.942869053190468,1.14024038769008,0.929371271313489
639,0.929371271313489,1.14746367031549,0.913657307547152
640,0.913657307547152,1.15824692429227,0.898079052404433
641,0.898079052404433,1.17244754938564,0.885629984873985
642,0.885629984873985,1.18911379388756,0.880007078567468
643,0.880007078567468,1.20678513235722,0.885127014142441
644,0.885127014142441,1.22376653102487,0.903839531212562
645,0.903839531212562,1.23807225412634,0.936331342250443
646,0.936331342250443,1.24680813246619,0.979050411413571
647,0.979050411413571,1.24549444257744,1.02489283927803
648,1.02489283927803,1.22917579505511,1.06575206227094
649,1.06575206227094,1.19621053512461,1.09635996271589
650,1.09635996271589,1.15033284229892,1.11588671190595
651,1.11588671190595,1.09778482361557,1.12664360374274
652,1.12664360374274,1.043889387711,1.13212395793424
653,1.13212395793424,0.9919625412529,1.13574027140112
654,1.13574027140112,0.94354653833471,1.14024038769008
655,1.14024038769008,0.89888514403002,1.14746367031549
656,1.14746367031549,0.857362663928486,1.15824692429227
657,1.15824692429227,0.817921105349296,1.17244754938564
658,1.17244754938564,0.779466682975262,1.18911379388756
659,1.18911379388756,0.741207929076203,1.20678513235722
660,1.20678513235722,0.702836965112005,1.22376653102487
661,1.22376653102487,0.664517369612504,1.23807225412634
662,1.23807225412634,0.626747746431146,1.24680813246619
663,1.24680813246619,0.590243034830413,1.24549444257744
664,1.24549444257744,0.55596158501406,1.22917579505511
665,1.22917579505511,0.525317913128315,1.19621053512461
666,1.19621053512461,0.500492116138684,1.15033284229892
667,1.15033284229892,0.484625409158514,1.09778482361557
668,1.09778482361557,0.481655006008662,1.043889387711
669,1.043889387711,0.495476566251375,0.9919625412529
670,0.9919625412529,0.528236935329697,0.94354653833471
671,0.94354653833471,0.578609860909682,0.89888514403002
672,0.89888514403002,0.641771840134206,0.857362663928486
673,0.857362663928486,0.71131919331797,0.817921105349296
674,0.817921105349296,0.781362492047078,0.779466682975262
675,0.779466682975262,0.847480039102597,0.741207929076203
676,0.741207929076203,0.90670584372757,0.702836965112005
677,0.702836965112005,0.957211053865717,0.664517369612504
678,0.664517369612504,0.998040906894928,0.626747746431146
679,0.626747746431146,1.02894562516439,0.590243034830413
680,0.590243034830413,1.05023914266515,0.55596158501406
681,0.55596158501406,1.06266107267375,0.525317913128315
682,0.525317913128315,1.0672744591199,0.500492116138684
683,0.500492116138684,1.0654427232284,0.484625409158514
684,0.484625409158514,1.05889825264626,0.481655006008662
685,0.481655006008662,1.04986429620153,0.495476566251375
686,0.495476566251375,1.04114417808623,0.528236935329697
687,0.528236935329697,1.03603678643679,0.578609860909682
688,0.578609860909682,1.03790208765315,0.641771840134206
689,0.641771840134206,1.0493491752333,0.71131919331797
690,0.71131919331797,1.07126513743228,0.781362492047078
691,0.781362492047078,1.10183609101643,0.847480039102597
692,0.847480039102597,1.1357056238807,0.90670584372757
693,0.90670584372757,1.16443534947562,0.957211053865717
694,0.957211053865717,1.17982386808092,0.998040906894928
695,0.998040906894928,1.17816536096482,1.02894562516439
696,1.02894562516439,1.16113147061267,1.05023914266515
697,1.05023914266515,1.13333140769697,1.06266107267375
698,1.06266107267375,1.0997852322037,1.0672744591199
699,1.0672744591199,1.06473916344025,1.0654427232284
700,1.0654427232284,1.0314260218011,1.05889825264626
701,1.05889825264626,1.00214540916176,1.04986429620153
702,1.04986429620153,0.978321614984644,1.04114417808623
703,1.04114417808623,0.960424586530467,1.03603678643679
704,1.03603678643679,0.947786746504582,1.03790208765315
705,1.03790208765315,0.938461700479146,1.0493491752333
706,1.0493491752333,0.929319618910917,1.07126513743228
707,1.07126513743228,0.916526547470701,1.10183609101643
708,1.10183609101643,0.89651761553936,1.1357056238807
709,1.1357056238807,0.867450186045703,1.16443534947562
710,1.16443534947562,0.830408755042711,1.17982386808092
711,1.17982386808092,0.789081175157369,1.17816536096482
712,1.17816536096482,0.748072783245963,1.16113147061267
713,1.16113147061267,0.71156097072558,1.13333140769697
714,1.13333140769697,0.682978848347008,1.0997852322037
715,1.0997852322037,0.665096258480383,1.06473916344025
716,1.06473916344025,0.65987849346765,1.0314260218011
717,1.0314260218011,0.668022755264554,1.00214540916176
718,1.00214540916176,0.688531828367376,0.978321614984644
719,0.978321614984644,0.718819373092059,0.960424586530467
720,0.960424586530467,0.755447734168262,0.947786746504582
721,0.947786746504582,0.795077050781466,0.938461700479146
722,0.938461700479146,0.835168924125627,0.929319618910917
723,0.929319618910917,0.874337559633797,0.916526547470701
724,0.916526547470701,0.912449095115168,0.89651761553936
725,0.89651761553936,0.950450439552741,0.867450186045703
726,0.867450186045703,0.989672962144634,0.830408755042711
727,0.830408755042711,1.03047745707709,0.789081175157369
728,0.789081175157369,1.07110821432765,0.748072783245963
729,0.748072783245963,1.10830799147785,0.71156097072558
730,0.71156097072558,1.13930765513371,0.682978848347008
731,0.682978848347008,1.16310611094838,0.665096258480383
732,0.665096258480383,1.18043990188195,0.65987849346765
733,0.65987849346765,1.19319969603029,0.668022755264554
734,0.668022755264554,1.20382125295868,0.688531828367376
735,0.688531828367376,1.21472032626551,0.718819373092059
736,0.718819373092059,1.22773420603248,0.755447734168262
737,0.755447734168262,1.24361796305451,0.795077050781466
738,0.795077050781466,1.26172086476284,0.835168924125627
739,0.835168924125627,1.27998393424503,0.874337559633797
740,0.874337559633797,1.29535005245965,0.912449095115168
741,0.912449095115168,1.30447875808105,0.950450439552741
742,0.950450439552741,1.30437848416728,0.989672962144634
743,0.989672962144634,1.29262959464492,1.03047745707709
744,1.03047745707709,1.26746608830652,1.07110821432765
745,1.07110821432765,1.22841375066389,1.10830799147785
746,1.10830799147785,1.17727546920878,1.13930765513371
747,1.13930765513371,1.11793470594809,1.16310611094838
748,1.16310611094838,1.0547800428093,1.18043990188195
749,1.18043990188195,0.991359808129527,1.19319969603029
750,1.19319969603029,0.929977487215362,1.20382125295868
751,1.20382125295868,0.871819366023486,1.21472032626551
752,1.21472032626551,0.817209433990362,1.22773420603248
753,1.22773420603248,0.765877004651635,1.24361796305451
754,1.24361796305451,0.717252265242808,1.26172086476284
755,1.26172086476284,0.670781999873467,1.27998393424503
756,1.27998393424503,0.626185786448711,1.29535005245965
757,1.29535005245965,0.583560030377818,1.30447875808105
758,1.30447875808105,0.54332004196034,1.30437848416728
759,1.30437848416728,0.50607552884375,1.29262959464492
760,1.29262959464492,0.472566431863738,1.26746608830652
761,1.26746608830652,0.443744459258093,1.22841375066389
762,1.22841375066389,0.421037026213545,1.17727546920878
763,1.17727546920878,0.406774868989145,1.11793470594809
764,1.11793470594809,0.404606692337371,1.0547800428093
765,1.0547800428093,0.419365643045623,0.991359808129527
766,0.991359808129527,0.455428436443835,0.929977487215362
767,0.929977487215362,0.513320255139534,0.871819366023486
768,0.871819366023486,0.587333511893973,0.817209433990362
769,0.817209433990362,0.667683170840728,0.765877004651635
770,0.765877004651635,0.745190896998816,0.717252265242808
771,0.717252265242808,0.813901764531598,0.670781999873467
772,0.670781999873467,0.870972656731913,0.626185786448711
773,0.626185786448711,0.915602447200712,0.583560030377818
774,0.583560030377818,0.948129199584597,0.54332004196034
775,0.54332004196034,0.969496194062923,0.50607552884375
776,0.50607552884375,0.980967547079489,0.472566431863738
777,0.472566431863738,0.983974489105547,0.443744459258093
778,0.443744459258093,0.980037860272332,0.421037026213545
779,0.421037026213545,0.970756701917741,0.406774868989145
780,0.406774868989145,0.957873697658527,0.404606692337371
781,0.404606692337371,0.943431212150088,0.419365643045623
782,0.419365643045623,0.929999915852328,0.455428436443835
783,0.455428436443835,0.92085894446013,0.513320255139534
784,0.513320255139534,0.91982378426785,0.587333511893973
785,0.587333511893973,0.930375214854238,0.667683170840728
786,0.667683170840728,0.954233382335906,0.745190896998816
787,0.745190896998816,0.990036080709465,0.813901764531598
788,0.813901764531598,1.03259541462719,0.870972656731913
789,0.870972656731913,1.07370080662008,0.915602447200712
790,0.915602447200712,1.10555105190617,0.948129199584597
791,0.948129199584597,1.12449520958626,0.969496194062923
792,0.969496194062923,1.13152889311047,0.980967547079489
793,0.980967547079489,1.13022354984549,0.983974489105547
794,0.983974489105547,1.12469414225746,0.980037860272332
795,0.980037860272332,1.11855314044738,0.970756701917741
796,0.970756701917741,1.11454904797453,0.957873697658527
797,0.957873697658527,1.11447073182046,0.943431212150088
798,0.943431212150088,1.11911174895128,0.929999915852328
799,0.929999915852328,1.1282617914578,0.92085894446013
800,0.92085894446013,1.14077405951455,0.91982378426785
801,0.91982378426785,1.15473055299731,0.930375214854238
802,0.930375214854238,1.16758496413972,0.954233382335906
803,0.954233382335906,1.17605038579951,0.990036080709465
804,0.990036080709465,1.17582016914013,1.03259541462719
805,1.03259541462719,1.16219467895696,1.07370080662008
806,1.07370080662008,1.13281480736081,1.10555105190617
807,1.10555105190617,1.0902585958807,1.12449520958626
808,1.12449520958626,1.04054904600299,1.13152889311047
809,1.13152889311047,0.989626849291887,1.13022354984549
810,1.13022354984549,0.941625020439496,1.12469414225746
811,1.12469414225746,0.89882127147205,1.11855314044738
812,1.11855314044738,0.862009489492717,1.11454904797453
813,1.11454904797453,0.830828937422031,1.11447073182046
814,1.11447073182046,0.804065455716852,1.11911174895128
815,1.11911174895128,0.780003944309685,1.1282617914578
816,1.1282617914578,0.756844440969623,1.14077405951455
817,1.14077405951455,0.733121171907449,1.15473055299731
818,1.15473055299731,0.70801956496031,1.16758496413972
819,1.16758496413972,0.681501835967941,1.17605038579951
820,1.17605038579951,0.654258360881572,1.17582016914013
821,1.17582016914013,0.627637952713047,1.16219467895696
822,1.16219467895696,0.603735455083514,1.13281480736081
823,1.13281480736081,0.585657277852393,1.0902585958807
824,1.0902585958807,0.577662741676886,1.04054904600299
825,1.04054904600299,0.5845429595626,0.989626849291887
826,0.989626849291887,0.609731479448104,0.941625020439496
827,0.941625020439496,0.652875927826294,0.89882127147205
828,0.89882127147205,0.709245379858977,0.862009489492717
829,0.862009489492717,0.772060212949218,0.830828937422031
830,0.830828937422031,0.835415191641953,0.804065455716852
831,0.804065455716852,0.895526602004464,0.780003944309685
832,0.780003944309685,0.950465649523806,0.756844440969623
833,0.756844440969623,0.99941600587412,0.733121171907449
834,0.733121171907449,1.04205076515158,0.70801956496031
835,0.70801956496031,1.07817617088539,0.681501835967941
836,0.681501835967941,1.10761743417381,0.654258360881572
837,0.654258360881572,1.13027281085263,0.627637952713047
838,0.627637952713047,1.14624334941981,0.603735455083514
839,0.603735455083514,1.15596701584003,0.585657277852393
840,0.585657277852393,1.16034551018263,0.577662741676886
841,0.577662741676886,1.16088899812324,0.5845429595626
842,0.5845429595626,1.15985659429448,0.609731479448104
843,0.609731479448104,1.16023753501408,0.652875927826294
844,0.652875927826294,1.16530011138248,0.709245379858977
845,0.709245379858977,1.17753353232895,0.772060212949218
846,0.772060212949218,1.1972031226681,0.835415191641953
847,0.835415191641953,1.22108840234919,0.895526602004464
848,0.895526602004464,1.24232637182326,0.950465649523806
849,0.950465649523806,1.25258443736792,0.99941600587412
850,0.99941600587412,1.24600971733788,1.04205076515158
851,1.04205076515158,1.22164225714544,1.07817617088539
852,1.07817617088539,1.18252010725857,1.10761743417381
853,1.10761743417381,1.13332125805891,1.13027281085263
854,1.13027281085263,1.07860781566152,1.14624334941981
855,1.14624334941981,1.02209072848993,1.15596701584003
856,1.15596701584003,0.966521190501928,1.16034551018263
857,1.16034551018263,0.913818516144148,1.16088899812324
858,1.16088899812324,0.865217594087696,1.15985659429448
859,1.15985659429448,0.821333565249814,1.16023753501408
860,1.16023753501408,0.782110306059255,1.16530011138248
861,1.16530011138248,0.746708702884236,1.17753353232895
862,1.17753353232895,0.713528322234271,1.1972031226681
863,1.1972031226681,0.680622678246186,1.22108840234919
864,1.22108840234919,0.646528785081247,1.24232637182326
865,1.24232637182326,0.611053434608483,1.25258443736792
866,1.25258443736792,0.575413337048932,1.24600971733788
867,1.24600971733788,0.541713536901008,1.22164225714544
868,1.22164225714544,0.512412236852401,1.18252010725857
869,1.18252010725857,0.490245419406136,1.13332125805891
870,1.13332125805891,0.478485005236645,1.07860781566152
871,1.07860781566152,0.481054859009954,1.02209072848993
872,1.02209072848993,0.501842354002793,0.966521190501928
873,0.966521190501928,0.542744931735595,0.913818516144148
874,0.913818516144148,0.60142138460573,0.865217594087696
875,0.865217594087696,0.671261302234355,0.821333565249814
876,0.821333565249814,0.744239988380984,0.782110306059255
877,0.782110306059255,0.813947554987459,0.746708702884236
878,0.746708702884236,0.87663551917035,0.713528322234271
879,0.713528322234271,0.930677146327315,0.680622678246186
880,0.680622678246186,0.975595052698823,0.646528785081247
881,0.646528785081247,1.01131671588793,0.611053434608483
882,0.611053434608483,1.0378615442096,0.575413337048932
883,0.575413337048932,1.05540551350233,0.541713536901008
884,0.541713536901008,1.06449150398174,0.512412236852401
885,0.512412236852401,1.06614979858352,0.490245419406136
886,0.490245419406136,1.06188953319446,0.478485005236645
887,0.478485005236645,1.05367109844194,0.481054859009954
888,0.481054859009954,1.04394082954553,0.501842354002793
889,0.501842354002793,1.03569390930608,0.542744931735595
890,0.542744931735595,1.03239140392874,0.60142138460573
891,0.60142138460573,1.03746102314267,0.671261302234355
892,0.671261302234355,1.05325905255549,0.744239988380984
893,0.744239988380984,1.07973721877551,0.813947554987459
894,0.813947554987459,1.11323582403481,0.87663551917035
895,0.87663551917035,1.14627610636658,0.930677146327315
896,0.930677146327315,1.16991532475145,0.975595052698823
897,0.975595052698823,1.17805535487718,1.01131671588793
898,1.01131671588793,1.16980073037954,1.0378615442096
899,1.0378615442096,1.14826807128802,1.05540551350233
900,1.05540551350233,1.1181616303868,1.06449150398174
901,1.06449150398174,1.08409970653996,1.06614979858352
902,1.06614979858352,1.04991703486621,1.06188953319446
903,1.06188953319446,1.01851628791453,1.05367109844194
904,1.05367109844194,0.991895187174681,1.04394082954553
905,1.04394082954553,0.971140294747224,1.03569390930608
906,1.03569390930608,0.956313777623225,1.03239140392874
907,1.03239140392874,0.946273945093335,1.03746102314267
908,1.03746102314267,0.938568421706096,1.05325905255549
909,1.05325905255549,0.929592784775628,1.07973721877551
910,1.07973721877551,0.915230081066341,1.11323582403481
911,1.11323582403481,0.892181870262795,1.14627610636658
912,1.14627610636658,0.85971381593123,1.16991532475145
913,1.16991532475145,0.820372685926378,1.17805535487718
914,1.17805535487718,0.77865403257635,1.16980073037954
915,1.16980073037954,0.739110472979266,1.14826807128802
916,1.14826807128802,0.705546787934537,1.1181616303868
917,1.1181616303868,0.681060651730802,1.08409970653996
918,1.08409970653996,0.668101044789912,1.04991703486621
919,1.04991703486621,0.668163358460922,1.01851628791453
920,1.01851628791453,0.681261304026819,0.991895187174681
921,0.991895187174681,0.705669590361097,0.971140294747224
922,0.971140294747224,0.73832586407207,0.956313777623225
923,0.956313777623225,0.775726151144146,0.946273945093335
924,0.946273945093335,0.814795594412876,0.938568421706096
925,0.938568421706096,0.85342719351293,0.929592784775628
926,0.929592784775628,0.890735621165241,0.915230081066341
927,0.915230081066341,0.927124412433773,0.892181870262795
928,0.892181870262795,0.96401262295014,0.85971381593123
929,0.85971381593123,1.00283689962445,0.820372685926378
930,0.820372685926378,1.04342451681026,0.77865403257635
931,0.77865403257635,1.08325066617284,0.739110472979266
932,0.739110472979266,1.11886350764967,0.705546787934537
933,0.705546787934537,1.14794118240769,0.681060651730802
934,0.681060651730802,1.17007101554737,0.668101044789912
935,0.668101044789912,1.18641287178519,0.668163358460922
936,0.668163358460922,1.19906549163291,0.681261304026819
937,0.681261304026819,1.2104629622338,0.705669590361097
938,0.705669590361097,1.2227966397497,0.73832586407207
939,0.73832586407207,1.23745768400818,0.775726151144146
940,0.775726151144146,1.25459535418935,0.814795594412876
941,0.814795594412876,1.272935094825,0.85342719351293
942,0.85342719351293,1.28998483954778,0.890735621165241
943,0.890735621165241,1.3026389656033,0.927124412433773
944,0.927124412433773,1.3079095853368,0.96401262295014
945,0.96401262295014,1.30332463027604,1.00283689962445
946,1.00283689962445,1.2868642567782,1.04342451681026
947,1.04342451681026,1.25704115613897,1.08325066617284
948,1.08325066617284,1.21383050274221,1.11886350764967
949,1.11886350764967,1.15963009643875,1.14794118240769
950,1.14794118240769,1.09858769669723,1.17007101554737
951,1.17007101554737,1.03488926887995,1.18641287178519
952,1.18641287178519,0.971679929312687,1.19906549163291
953,1.19906549163291,0.910875223162958,1.2104629622338
954,1.2104629622338,0.853357636946463,1.2227966397497
955,1.2227966397497,0.79924639343653,1.23745768400818
956,1.23745768400818,0.748182346012901,1.25459535418935
957,1.25459535418935,0.699637559253444,1.272935094825
958,1.272935094825,0.653209249469733,1.28998483954778
959,1.28998483954778,0.608807136860815,1.3026389656033
960,1.3026389656033,0.566676387432695,1.3079095853368
961,1.3079095853368,0.527298578123324,1.30332463027604
962,1.30332463027604,0.491285395932913,1.2868642567782
963,1.2868642567782,0.459370989822468,1.25704115613897
964,1.25704115613897,0.432562974451812,1.21383050274221
965,1.21383050274221,0.412475097617219,1.15963009643875
966,1.15963009643875,0.40178906698418,1.09858769669723
967,1.09858769669723,0.404580208218758,1.03488926887995
968,1.03488926887995,0.425829628100164,0.971679929312687
969,0.971679929312687,0.469162021276663,0.910875223162958
970,0.910875223162958,0.53327620783145,0.853357636946463
971,0.853357636946463,0.610710831713048,0.79924639343653
972,0.79924639343653,0.691300445042757,0.748182346012901
973,0.748182346012901,0.766651644783337,0.699637559253444
974,0.699637559253444,0.831826900277561,0.653209249469733
975,0.653209249469733,0.88474701454279,0.608807136860815
976,0.608807136860815,0.925092338070496,0.566676387432695
977,0.566676387432695,0.953498708230641,0.527298578123324
978,0.527298578123324,0.971098427163044,0.491285395932913
979,0.491285395932913,0.979273342996984,0.459370989822468
980,0.459370989822468,0.979522671080126,0.432562974451812
981,0.432562974451812,0.97340617395949,0.412475097617219
982,0.412475097617219,0.962558314582626,0.40178906698418
983,0.40178906698418,0.948785744384972,0.404580208218758
984,0.404580208218758,0.934256173632619,0.425829628100164
985,0.425829628100164,0.921737091209866,0.469162021276663
986,0.469162021276663,0.91471261451303,0.53327620783145
987,0.53327620783145,0.917025300264506,0.610710831713048
988,0.610710831713048,0.931779997196711,0.691300445042757
989,0.691300445042757,0.959868980961389,0.766651644783337
990,0.766651644783337,0.998779594371917,0.831826900277561
991,0.831826900277561,1.04218193738648,0.88474701454279
992,0.88474701454279,1.08155427906546,0.925092338070496
993,0.925092338070496,1.11015609059985,0.953498708230641
994,0.953498708230641,1.12594881180456,0.971098427163044
995,0.971098427163044,1.13098583860631,0.979273342996984
996,0.979273342996984,1.12913582301761,0.979522671080126
997,0.979522671080126,1.12436743014098,0.97340617395949
998,0.97340617395949,1.11998007205557,0.962558314582626
999,0.962558314582626,1.11836234894365,0.948785744384972
1000,0.948785744384972,1.12092818337685,0.934256173632619
1001,0.934256173632619,1.12809487949392,0.921737091209866
1002,0.921737091209866,1.13930770607759,0.91471261451303
1003,0.91471261451303,1.15315989971202,0.917025300264506
1004,0.917025300264506,1.16758492188426,0.931779997196711
1005,0.931779997196711,1.17993530834512,0.959868980961389
1006,0.959868980961389,1.1867343707669,0.998779594371917
1007,0.998779594371917,1.18343494338834,1.04218193738648
1008,1.04218193738648,1.16557923122361,1.08155427906546
1009,1.08155427906546,1.13201096027975,1.11015609059985
1010,1.11015609059985,1.08661472057847,1.12594881180456
1011,1.12594881180456,1.03572248214258,1.13098583860631
1012,1.13098583860631,0.984828509389827,1.12913582301761
1013,1.12913582301761,0.937471762543717,1.12436743014098
1014,1.12436743014098,0.895416704174387,1.11998007205557
1015,1.11998007205557,0.859047827424773,1.11836234894365
1016,1.11836234894365,0.827705744747473,1.12092818337685
1017,1.12092818337685,0.800016973735638,1.12809487949392
1018,1.12809487949392,0.774275392763376,1.13930770607759
1019,1.13930770607759,0.748860529789249,1.15315989971202
1020,1.15315989971202,0.722613269334923,1.16758492188426
1021,1.16758492188426,0.695064494328257,1.17993530834512
1022,1.17993530834512,0.666464764136387,1.1867343707669
1023,1.1867343707669,0.637691552934776,1.18343494338834
1024,1.18343494338834,0.610212167602915,1.16557923122361
1025,1.16557923122361,0.586241592139691,1.13201096027975
1026,1.13201096027975,0.569036225475825,1.08661472057847
1027,1.08661472057847,0.562947111654278,1.03572248214258
1028,1.03572248214258,0.572610610403834,0.984828509389827
1029,0.984828509389827,0.600929600090221,0.937471762543717
1030,0.937471762543717,0.646832772172597,0.895416704174387
1031,0.895416704174387,0.705152867918475,0.859047827424773
1032,0.859047827424773,0.769152876432758,0.827705744747473
1033,0.827705744747473,0.833196406995368,0.800016973735638
1034,0.800016973735638,0.893709964308695,0.774275392763376
1035,0.774275392763376,0.948825000990499,0.748860529789249
1036,0.748860529789249,0.997667770630588,0.722613269334923
1037,0.722613269334923,1.03980269575477,0.695064494328257
1038,0.695064494328257,1.07494432094277,0.666464764136387
1039,0.666464764136387,1.10289807739534,0.637691552934776
1040,0.637691552934776,1.12363587546818,0.610212167602915
1041,0.610212167602915,1.13740796380155,0.586241592139691
1042,0.586241592139691,1.14484219625643,0.569036225475825
1043,0.569036225475825,1.14704680092749,0.562947111654278
1044,0.562947111654278,1.1457456964663,0.572610610403834
1045,0.572610610403834,1.14340180276778,0.600929600090221
1046,0.600929600090221,1.14315138945318,0.646832772172597
1047,0.646832772172597,1.14828861882028,0.705152867918475
1048,0.705152867918475,1.16118870510579,0.769152876432758
1049,0.769152876432758,1.18193994778513,0.833196406995368
1050,0.833196406995368,1.20718244170212,0.893709964308695
1051,0.893709964308695,1.22996530242915,0.948825000990499
1052,0.948825000990499,1.2418620928708,0.997667770630588
1053,0.997667770630588,1.2369219989457,1.03980269575477
1054,1.03980269575477,1.21416127700124,1.07494432094277
1055,1.07494432094277,1.1766869082256,1.10289807739534
1056,1.10289807739534,1.12927683559966,1.12363587546818
1057,1.12363587546818,1.07656919826377,1.13740796380155
1058,1.13740796380155,1.02231499958362,1.14484219625643
1059,1.14484219625643,0.969281613436425,1.14704680092749
1060,1.14704680092749,0.919391472647992,1.1457456964663
1061,1.1457456964663,0.87386459486493,1.14340180276778
1062,1.14340180276778,0.833258888417619,1.14315138945318
1063,1.14315138945318,0.797383520099428,1.14828861882028
1064,1.14828861882028,0.765167697314417,1.16118870510579
1065,1.16118870510579,0.734713704841576,1.18193994778513
1066,1.18193994778513,0.703801271573582,1.20718244170212
1067,1.20718244170212,0.670821227641926,1.22996530242915
1068,1.22996530242915,0.63562252637596,1.2418620928708
1069,1.2418620928708,0.599626504176348,1.2369219989457
1070,1.2369219989457,0.565205108130397,1.21416127700124
1071,1.21416127700124,0.535048484560661,1.1766869082256
1072,1.1766869082256,0.512040710414791,1.12927683559966
1073,1.12927683559966,0.499487962246044,1.07656919826377
1074,1.07656919826377,0.501187974261414,1.02231499958362
1075,1.02231499958362,0.520720384664708,0.969281613436425
1076,0.969281613436425,0.559644339374955,0.919391472647992
1077,0.919391472647992,0.615607423402093,0.87386459486493
1078,0.87386459486493,0.682496029674484,0.833258888417619
1079,0.833258888417619,0.752990135640274,0.797383520099428
1080,0.797383520099428,0.82118804145698,0.765167697314417
1081,0.765167697314417,0.883534074318359,0.734713704841576
1082,0.734713704841576,0.938363715357032,0.703801271573582
1083,0.703801271573582,0,0
1084,0.670821227641926,0,0
1085,0.63562252637596,0,0
1086,0.599626504176348,0,0
1087,0.565205108130397,0,0
1088,0.535048484560661,0,0
1089,0.512040710414791,0,0
1090,0.499487962246044,0,0
1091,0.501187974261414,0,0
1092,0.520720384664708,0,0
1093,0.559644339374955,0,0
1094,0.615607423402093,0,0
1095,0.682496029674484,0,0
1096,0.752990135640274,0,0
1097,0.82118804145698,0,0
1098,0.883534074318359,0,0
1099,0.938363715357032,0,0
